customer_id,customer_name,city,signup_date
CUST_00001,Khach Hang 1,Can Tho,2024-06-10
CUST_00002,Khach Hang 2,Can Tho,2025-08-14
CUST_00003,Khach Hang 3,Da Nang,2025-01-21
CUST_00004,Khach Hang 4,Hanoi,2025-10-26
CUST_00005,Khach Hang 5,Hanoi,2025-09-16
CUST_00006,Khach Hang 6,Da Nang,2024-05-30
CUST_00007,Khach Hang 7,Hai Phong,2024-04-25
CUST_00008,Khach Hang 8,Hai Phong,2024-01-03
CUST_00009,Khach Hang 9,Da Nang,2024-12-11
CUST_00010,Khach Hang 10,Da Nang,2024-08-17
CUST_00011,Khach Hang 11,Ho Chi Minh,2024-01-26
CUST_00012,Khach Hang 12,Ho Chi Minh,2025-05-06
CUST_00013,Khach Hang 13,Hanoi,2024-03-28
CUST_00014,Khach Hang 14,Can Tho,2024-06-12
CUST_00015,Khach Hang 15,Can Tho,2024-06-26
CUST_00016,Khach Hang 16,Ho Chi Minh,2025-03-03
CUST_00017,Khach Hang 17,Hai Phong,2024-02-13
CUST_00018,Khach Hang 18,Ho Chi Minh,2024-02-26
CUST_00019,Khach Hang 19,Ho Chi Minh,2025-07-26
CUST_00020,Khach Hang 20,Da Nang,2024-05-08
CUST_00021,Khach Hang 21,Ho Chi Minh,2024-05-28
CUST_00022,Khach Hang 22,Hai Phong,2025-06-07
CUST_00023,Khach Hang 23,Hai Phong,2024-08-26
CUST_00024,Khach Hang 24,Hanoi,2025-10-30
CUST_00025,Khach Hang 25,Da Nang,2025-04-19
CUST_00026,Khach Hang 26,Da Nang,2025-03-31
CUST_00027,Khach Hang 27,Can Tho,2024-10-13
CUST_00028,Khach Hang 28,Ho Chi Minh,2024-07-05
CUST_00029,Khach Hang 29,Hanoi,2025-04-09
CUST_00030,Khach Hang 30,Ho Chi Minh,2024-02-25
CUST_00031,Khach Hang 31,Can Tho,2024-11-19
CUST_00032,Khach Hang 32,Ho Chi Minh,2024-10-19
CUST_00033,Khach Hang 33,Ho Chi Minh,2025-09-27
CUST_00034,Khach Hang 34,Hai Phong,2025-07-27
CUST_00035,Khach Hang 35,Ho Chi Minh,2024-11-27
CUST_00036,Khach Hang 36,Hanoi,2025-05-17
CUST_00037,Khach Hang 37,Hanoi,2025-07-08
CUST_00038,Khach Hang 38,Hanoi,2025-07-02
CUST_00039,Khach Hang 39,Hanoi,2025-03-31
CUST_00040,Khach Hang 40,Can Tho,2024-06-19
CUST_00041,Khach Hang 41,Hanoi,2025-07-14
CUST_00042,Khach Hang 42,Can Tho,2024-05-28
CUST_00043,Khach Hang 43,Ho Chi Minh,2024-03-04
CUST_00044,Khach Hang 44,Hanoi,2025-02-13
CUST_00045,Khach Hang 45,Ho Chi Minh,2024-07-17
CUST_00046,Khach Hang 46,Da Nang,2024-06-03
CUST_00047,Khach Hang 47,Hai Phong,2024-06-11
CUST_00048,Khach Hang 48,Hai Phong,2025-11-07
CUST_00049,Khach Hang 49,Da Nang,2025-06-14
CUST_00050,Khach Hang 50,Hanoi,2024-01-27
CUST_00051,Khach Hang 51,Ho Chi Minh,2024-03-22
CUST_00052,Khach Hang 52,Can Tho,2024-06-20
CUST_00053,Khach Hang 53,Can Tho,2025-03-07
CUST_00054,Khach Hang 54,Da Nang,2025-08-13
CUST_00055,Khach Hang 55,Da Nang,2025-07-20
CUST_00056,Khach Hang 56,Da Nang,2024-02-24
CUST_00057,Khach Hang 57,Can Tho,2024-10-25
CUST_00058,Khach Hang 58,Hai Phong,2024-09-21
CUST_00059,Khach Hang 59,Hanoi,2025-03-01
CUST_00060,Khach Hang 60,Ho Chi Minh,2025-03-05
CUST_00061,Khach Hang 61,Da Nang,2025-01-09
CUST_00062,Khach Hang 62,Can Tho,2025-05-30
CUST_00063,Khach Hang 63,Can Tho,2025-08-16
CUST_00064,Khach Hang 64,Ho Chi Minh,2024-11-27
CUST_00065,Khach Hang 65,Hanoi,2024-05-20
CUST_00066,Khach Hang 66,Can Tho,2024-10-04
CUST_00067,Khach Hang 67,Hai Phong,2025-05-17
CUST_00068,Khach Hang 68,Hanoi,2025-02-22
CUST_00069,Khach Hang 69,Hanoi,2024-01-14
CUST_00070,Khach Hang 70,Ho Chi Minh,2025-08-04
CUST_00071,Khach Hang 71,Da Nang,2025-03-02
CUST_00072,Khach Hang 72,Ho Chi Minh,2024-01-20
CUST_00073,Khach Hang 73,Hai Phong,2025-10-24
CUST_00074,Khach Hang 74,Da Nang,2025-03-12
CUST_00075,Khach Hang 75,Ho Chi Minh,2024-09-28
CUST_00076,Khach Hang 76,Ho Chi Minh,2025-03-26
CUST_00077,Khach Hang 77,Ho Chi Minh,2024-06-08
CUST_00078,Khach Hang 78,Ho Chi Minh,2025-10-04
CUST_00079,Khach Hang 79,Hai Phong,2024-09-20
CUST_00080,Khach Hang 80,Da Nang,2024-12-16
CUST_00081,Khach Hang 81,Can Tho,2024-06-30
CUST_00082,Khach Hang 82,Da Nang,2025-01-05
CUST_00083,Khach Hang 83,Can Tho,2025-04-17
CUST_00084,Khach Hang 84,Da Nang,2024-08-10
CUST_00085,Khach Hang 85,Hanoi,2025-04-08
CUST_00086,Khach Hang 86,Ho Chi Minh,2025-07-17
CUST_00087,Khach Hang 87,Ho Chi Minh,2025-04-21
CUST_00088,Khach Hang 88,Ho Chi Minh,2024-09-13
CUST_00089,Khach Hang 89,Can Tho,2025-04-25
CUST_00090,Khach Hang 90,Can Tho,2025-05-21
CUST_00091,Khach Hang 91,Can Tho,2025-07-14
CUST_00092,Khach Hang 92,Hai Phong,2025-07-03
CUST_00093,Khach Hang 93,Da Nang,2024-09-24
CUST_00094,Khach Hang 94,Hai Phong,2024-01-15
CUST_00095,Khach Hang 95,Can Tho,2025-03-28
CUST_00096,Khach Hang 96,Can Tho,2024-01-04
CUST_00097,Khach Hang 97,Hai Phong,2025-09-12
CUST_00098,Khach Hang 98,Da Nang,2024-10-06
CUST_00099,Khach Hang 99,Ho Chi Minh,2025-03-02
CUST_00100,Khach Hang 100,Ho Chi Minh,2024-11-21
CUST_00101,Khach Hang 101,Hanoi,2025-05-05
CUST_00102,Khach Hang 102,Da Nang,2025-04-24
CUST_00103,Khach Hang 103,Da Nang,2025-04-14
CUST_00104,Khach Hang 104,Can Tho,2024-02-24
CUST_00105,Khach Hang 105,Hai Phong,2025-03-20
CUST_00106,Khach Hang 106,Ho Chi Minh,2024-03-29
CUST_00107,Khach Hang 107,Hai Phong,2024-05-25
CUST_00108,Khach Hang 108,Da Nang,2025-09-21
CUST_00109,Khach Hang 109,Can Tho,2025-06-10
CUST_00110,Khach Hang 110,Can Tho,2025-05-27
CUST_00111,Khach Hang 111,Ho Chi Minh,2025-09-13
CUST_00112,Khach Hang 112,Hai Phong,2025-04-09
CUST_00113,Khach Hang 113,Ho Chi Minh,2024-06-05
CUST_00114,Khach Hang 114,Ho Chi Minh,2025-07-12
CUST_00115,Khach Hang 115,Da Nang,2024-11-09
CUST_00116,Khach Hang 116,Hanoi,2024-06-07
CUST_00117,Khach Hang 117,Ho Chi Minh,2025-02-12
CUST_00118,Khach Hang 118,Can Tho,2025-06-18
CUST_00119,Khach Hang 119,Da Nang,2024-03-03
CUST_00120,Khach Hang 120,Can Tho,2025-09-05
CUST_00121,Khach Hang 121,Can Tho,2024-05-19
CUST_00122,Khach Hang 122,Da Nang,2025-06-08
CUST_00123,Khach Hang 123,Can Tho,2024-05-30
CUST_00124,Khach Hang 124,Ho Chi Minh,2025-02-14
CUST_00125,Khach Hang 125,Can Tho,2024-03-13
CUST_00126,Khach Hang 126,Can Tho,2025-10-21
CUST_00127,Khach Hang 127,Hanoi,2025-01-21
CUST_00128,Khach Hang 128,Hanoi,2024-09-20
CUST_00129,Khach Hang 129,Da Nang,2024-05-02
CUST_00130,Khach Hang 130,Can Tho,2025-03-24
CUST_00131,Khach Hang 131,Can Tho,2024-01-28
CUST_00132,Khach Hang 132,Ho Chi Minh,2024-01-02
CUST_00133,Khach Hang 133,Da Nang,2024-12-15
CUST_00134,Khach Hang 134,Can Tho,2024-07-19
CUST_00135,Khach Hang 135,Can Tho,2025-05-19
CUST_00136,Khach Hang 136,Da Nang,2024-03-17
CUST_00137,Khach Hang 137,Hanoi,2025-10-22
CUST_00138,Khach Hang 138,Hanoi,2025-06-12
CUST_00139,Khach Hang 139,Da Nang,2025-03-10
CUST_00140,Khach Hang 140,Can Tho,2024-02-04
CUST_00141,Khach Hang 141,Da Nang,2024-12-08
CUST_00142,Khach Hang 142,Ho Chi Minh,2025-01-31
CUST_00143,Khach Hang 143,Da Nang,2025-02-11
CUST_00144,Khach Hang 144,Ho Chi Minh,2025-07-09
CUST_00145,Khach Hang 145,Hai Phong,2025-06-11
CUST_00146,Khach Hang 146,Da Nang,2024-01-11
CUST_00147,Khach Hang 147,Da Nang,2024-07-25
CUST_00148,Khach Hang 148,Da Nang,2024-03-17
CUST_00149,Khach Hang 149,Hai Phong,2025-10-18
CUST_00150,Khach Hang 150,Hanoi,2025-02-15
CUST_00151,Khach Hang 151,Ho Chi Minh,2025-01-22
CUST_00152,Khach Hang 152,Da Nang,2024-11-08
CUST_00153,Khach Hang 153,Ho Chi Minh,2025-04-28
CUST_00154,Khach Hang 154,Ho Chi Minh,2025-08-14
CUST_00155,Khach Hang 155,Can Tho,2025-01-11
CUST_00156,Khach Hang 156,Hai Phong,2025-10-13
CUST_00157,Khach Hang 157,Hai Phong,2024-03-06
CUST_00158,Khach Hang 158,Da Nang,2024-05-27
CUST_00159,Khach Hang 159,Hai Phong,2025-04-22
CUST_00160,Khach Hang 160,Ho Chi Minh,2025-08-19
CUST_00161,Khach Hang 161,Hai Phong,2025-06-20
CUST_00162,Khach Hang 162,Da Nang,2024-07-14
CUST_00163,Khach Hang 163,Ho Chi Minh,2024-05-06
CUST_00164,Khach Hang 164,Da Nang,2024-06-27
CUST_00165,Khach Hang 165,Can Tho,2024-09-25
CUST_00166,Khach Hang 166,Ho Chi Minh,2024-05-16
CUST_00167,Khach Hang 167,Da Nang,2025-07-24
CUST_00168,Khach Hang 168,Da Nang,2025-01-04
CUST_00169,Khach Hang 169,Can Tho,2024-08-31
CUST_00170,Khach Hang 170,Can Tho,2025-01-17
CUST_00171,Khach Hang 171,Hai Phong,2025-11-19
CUST_00172,Khach Hang 172,Da Nang,2024-10-03
CUST_00173,Khach Hang 173,Ho Chi Minh,2024-03-26
CUST_00174,Khach Hang 174,Hanoi,2025-02-12
CUST_00175,Khach Hang 175,Da Nang,2024-01-19
CUST_00176,Khach Hang 176,Da Nang,2024-03-27
CUST_00177,Khach Hang 177,Hanoi,2025-08-13
CUST_00178,Khach Hang 178,Hai Phong,2025-09-10
CUST_00179,Khach Hang 179,Da Nang,2024-03-28
CUST_00180,Khach Hang 180,Da Nang,2025-09-23
CUST_00181,Khach Hang 181,Da Nang,2025-07-23
CUST_00182,Khach Hang 182,Da Nang,2025-11-28
CUST_00183,Khach Hang 183,Da Nang,2024-09-24
CUST_00184,Khach Hang 184,Hai Phong,2025-07-23
CUST_00185,Khach Hang 185,Ho Chi Minh,2024-01-21
CUST_00186,Khach Hang 186,Da Nang,2025-06-18
CUST_00187,Khach Hang 187,Can Tho,2025-03-26
CUST_00188,Khach Hang 188,Hanoi,2024-01-03
CUST_00189,Khach Hang 189,Ho Chi Minh,2024-05-01
CUST_00190,Khach Hang 190,Da Nang,2025-04-27
CUST_00191,Khach Hang 191,Hanoi,2024-01-02
CUST_00192,Khach Hang 192,Hai Phong,2025-06-10
CUST_00193,Khach Hang 193,Hai Phong,2025-02-13
CUST_00194,Khach Hang 194,Da Nang,2025-05-12
CUST_00195,Khach Hang 195,Hai Phong,2024-04-15
CUST_00196,Khach Hang 196,Hanoi,2025-01-10
CUST_00197,Khach Hang 197,Can Tho,2024-06-23
CUST_00198,Khach Hang 198,Hai Phong,2024-02-10
CUST_00199,Khach Hang 199,Can Tho,2025-05-06
CUST_00200,Khach Hang 200,Hanoi,2025-04-23
CUST_00201,Khach Hang 201,Da Nang,2025-10-26
CUST_00202,Khach Hang 202,Da Nang,2024-04-15
CUST_00203,Khach Hang 203,Hanoi,2024-02-26
CUST_00204,Khach Hang 204,Hai Phong,2025-04-27
CUST_00205,Khach Hang 205,Da Nang,2024-10-19
CUST_00206,Khach Hang 206,Can Tho,2024-02-29
CUST_00207,Khach Hang 207,Hai Phong,2024-10-18
CUST_00208,Khach Hang 208,Hanoi,2024-08-19
CUST_00209,Khach Hang 209,Ho Chi Minh,2024-08-18
CUST_00210,Khach Hang 210,Ho Chi Minh,2025-03-10
CUST_00211,Khach Hang 211,Hai Phong,2025-07-15
CUST_00212,Khach Hang 212,Hai Phong,2025-08-15
CUST_00213,Khach Hang 213,Hanoi,2025-01-16
CUST_00214,Khach Hang 214,Hanoi,2025-03-29
CUST_00215,Khach Hang 215,Hai Phong,2025-09-03
CUST_00216,Khach Hang 216,Can Tho,2025-01-23
CUST_00217,Khach Hang 217,Ho Chi Minh,2025-04-08
CUST_00218,Khach Hang 218,Ho Chi Minh,2024-06-04
CUST_00219,Khach Hang 219,Hai Phong,2025-10-25
CUST_00220,Khach Hang 220,Can Tho,2024-10-27
CUST_00221,Khach Hang 221,Can Tho,2025-02-26
CUST_00222,Khach Hang 222,Can Tho,2024-03-26
CUST_00223,Khach Hang 223,Can Tho,2025-11-16
CUST_00224,Khach Hang 224,Ho Chi Minh,2024-02-24
CUST_00225,Khach Hang 225,Can Tho,2024-12-01
CUST_00226,Khach Hang 226,Ho Chi Minh,2024-03-09
CUST_00227,Khach Hang 227,Ho Chi Minh,2024-04-03
CUST_00228,Khach Hang 228,Can Tho,2024-02-05
CUST_00229,Khach Hang 229,Ho Chi Minh,2025-08-07
CUST_00230,Khach Hang 230,Ho Chi Minh,2024-01-01
CUST_00231,Khach Hang 231,Hanoi,2024-02-22
CUST_00232,Khach Hang 232,Ho Chi Minh,2025-11-23
CUST_00233,Khach Hang 233,Da Nang,2025-04-25
CUST_00234,Khach Hang 234,Ho Chi Minh,2024-02-22
CUST_00235,Khach Hang 235,Hai Phong,2024-04-18
CUST_00236,Khach Hang 236,Da Nang,2025-05-23
CUST_00237,Khach Hang 237,Hanoi,2025-07-22
CUST_00238,Khach Hang 238,Da Nang,2025-01-05
CUST_00239,Khach Hang 239,Ho Chi Minh,2024-01-29
CUST_00240,Khach Hang 240,Hai Phong,2024-06-29
CUST_00241,Khach Hang 241,Hanoi,2024-01-13
CUST_00242,Khach Hang 242,Hai Phong,2025-01-16
CUST_00243,Khach Hang 243,Can Tho,2024-02-19
CUST_00244,Khach Hang 244,Ho Chi Minh,2024-06-01
CUST_00245,Khach Hang 245,Da Nang,2024-12-22
CUST_00246,Khach Hang 246,Can Tho,2025-11-12
CUST_00247,Khach Hang 247,Ho Chi Minh,2024-10-22
CUST_00248,Khach Hang 248,Da Nang,2025-08-01
CUST_00249,Khach Hang 249,Hai Phong,2025-04-29
CUST_00250,Khach Hang 250,Ho Chi Minh,2024-06-16
CUST_00251,Khach Hang 251,Hanoi,2025-10-03
CUST_00252,Khach Hang 252,Can Tho,2024-08-23
CUST_00253,Khach Hang 253,Hai Phong,2025-11-30
CUST_00254,Khach Hang 254,Hai Phong,2025-09-24
CUST_00255,Khach Hang 255,Da Nang,2024-06-28
CUST_00256,Khach Hang 256,Hanoi,2024-02-03
CUST_00257,Khach Hang 257,Hanoi,2024-03-24
CUST_00258,Khach Hang 258,Ho Chi Minh,2024-01-13
CUST_00259,Khach Hang 259,Ho Chi Minh,2025-11-21
CUST_00260,Khach Hang 260,Hanoi,2024-06-25
CUST_00261,Khach Hang 261,Can Tho,2025-09-26
CUST_00262,Khach Hang 262,Ho Chi Minh,2025-04-26
CUST_00263,Khach Hang 263,Can Tho,2025-01-08
CUST_00264,Khach Hang 264,Da Nang,2025-10-01
CUST_00265,Khach Hang 265,Can Tho,2025-09-09
CUST_00266,Khach Hang 266,Can Tho,2025-04-29
CUST_00267,Khach Hang 267,Ho Chi Minh,2024-10-02
CUST_00268,Khach Hang 268,Can Tho,2025-10-25
CUST_00269,Khach Hang 269,Da Nang,2025-04-16
CUST_00270,Khach Hang 270,Can Tho,2025-11-21
CUST_00271,Khach Hang 271,Can Tho,2025-10-31
CUST_00272,Khach Hang 272,Da Nang,2025-11-10
CUST_00273,Khach Hang 273,Hai Phong,2024-12-07
CUST_00274,Khach Hang 274,Da Nang,2025-10-17
CUST_00275,Khach Hang 275,Ho Chi Minh,2024-08-23
CUST_00276,Khach Hang 276,Hai Phong,2025-09-05
CUST_00277,Khach Hang 277,Hanoi,2025-03-08
CUST_00278,Khach Hang 278,Hai Phong,2024-11-25
CUST_00279,Khach Hang 279,Can Tho,2025-09-01
CUST_00280,Khach Hang 280,Hanoi,2025-04-07
CUST_00281,Khach Hang 281,Ho Chi Minh,2024-11-12
CUST_00282,Khach Hang 282,Hanoi,2024-09-17
CUST_00283,Khach Hang 283,Da Nang,2024-06-20
CUST_00284,Khach Hang 284,Can Tho,2024-12-20
CUST_00285,Khach Hang 285,Hanoi,2024-06-03
CUST_00286,Khach Hang 286,Can Tho,2025-01-27
CUST_00287,Khach Hang 287,Can Tho,2025-11-10
CUST_00288,Khach Hang 288,Da Nang,2025-11-25
CUST_00289,Khach Hang 289,Can Tho,2025-11-27
CUST_00290,Khach Hang 290,Can Tho,2025-09-22
CUST_00291,Khach Hang 291,Can Tho,2024-09-21
CUST_00292,Khach Hang 292,Hai Phong,2025-11-16
CUST_00293,Khach Hang 293,Hai Phong,2025-10-26
CUST_00294,Khach Hang 294,Da Nang,2024-06-18
CUST_00295,Khach Hang 295,Da Nang,2024-02-27
CUST_00296,Khach Hang 296,Da Nang,2024-10-15
CUST_00297,Khach Hang 297,Da Nang,2024-03-26
CUST_00298,Khach Hang 298,Can Tho,2025-02-18
CUST_00299,Khach Hang 299,Da Nang,2024-10-18
CUST_00300,Khach Hang 300,Ho Chi Minh,2024-04-25
CUST_00301,Khach Hang 301,Hai Phong,2024-12-23
CUST_00302,Khach Hang 302,Hanoi,2024-08-04
CUST_00303,Khach Hang 303,Can Tho,2025-03-27
CUST_00304,Khach Hang 304,Can Tho,2024-10-25
CUST_00305,Khach Hang 305,Da Nang,2024-02-10
CUST_00306,Khach Hang 306,Hai Phong,2025-11-27
CUST_00307,Khach Hang 307,Hanoi,2025-01-10
CUST_00308,Khach Hang 308,Can Tho,2024-04-05
CUST_00309,Khach Hang 309,Da Nang,2024-07-11
CUST_00310,Khach Hang 310,Hai Phong,2024-09-01
CUST_00311,Khach Hang 311,Ho Chi Minh,2025-04-14
CUST_00312,Khach Hang 312,Ho Chi Minh,2025-09-19
CUST_00313,Khach Hang 313,Da Nang,2024-08-23
CUST_00314,Khach Hang 314,Ho Chi Minh,2025-03-30
CUST_00315,Khach Hang 315,Hai Phong,2025-03-09
CUST_00316,Khach Hang 316,Da Nang,2025-02-08
CUST_00317,Khach Hang 317,Da Nang,2025-08-10
CUST_00318,Khach Hang 318,Da Nang,2025-09-14
CUST_00319,Khach Hang 319,Hanoi,2025-04-03
CUST_00320,Khach Hang 320,Hanoi,2025-01-23
CUST_00321,Khach Hang 321,Hanoi,2025-06-30
CUST_00322,Khach Hang 322,Da Nang,2024-04-27
CUST_00323,Khach Hang 323,Ho Chi Minh,2025-11-23
CUST_00324,Khach Hang 324,Hai Phong,2025-01-20
CUST_00325,Khach Hang 325,Hanoi,2024-01-05
CUST_00326,Khach Hang 326,Hanoi,2025-06-26
CUST_00327,Khach Hang 327,Hai Phong,2024-11-23
CUST_00328,Khach Hang 328,Hai Phong,2024-12-17
CUST_00329,Khach Hang 329,Hai Phong,2025-05-23
CUST_00330,Khach Hang 330,Hanoi,2024-03-31
CUST_00331,Khach Hang 331,Hai Phong,2025-04-13
CUST_00332,Khach Hang 332,Da Nang,2024-11-04
CUST_00333,Khach Hang 333,Ho Chi Minh,2025-09-05
CUST_00334,Khach Hang 334,Can Tho,2025-11-04
CUST_00335,Khach Hang 335,Hanoi,2024-02-17
CUST_00336,Khach Hang 336,Ho Chi Minh,2025-01-06
CUST_00337,Khach Hang 337,Da Nang,2025-06-17
CUST_00338,Khach Hang 338,Hanoi,2024-11-01
CUST_00339,Khach Hang 339,Can Tho,2025-09-22
CUST_00340,Khach Hang 340,Hanoi,2025-02-04
CUST_00341,Khach Hang 341,Can Tho,2025-06-12
CUST_00342,Khach Hang 342,Ho Chi Minh,2025-06-05
CUST_00343,Khach Hang 343,Da Nang,2024-03-21
CUST_00344,Khach Hang 344,Can Tho,2024-10-08
CUST_00345,Khach Hang 345,Ho Chi Minh,2024-10-06
CUST_00346,Khach Hang 346,Hai Phong,2025-08-25
CUST_00347,Khach Hang 347,Hai Phong,2025-09-18
CUST_00348,Khach Hang 348,Ho Chi Minh,2024-02-05
CUST_00349,Khach Hang 349,Da Nang,2025-06-11
CUST_00350,Khach Hang 350,Hai Phong,2024-02-29
CUST_00351,Khach Hang 351,Da Nang,2024-08-04
CUST_00352,Khach Hang 352,Ho Chi Minh,2024-12-11
CUST_00353,Khach Hang 353,Can Tho,2025-05-30
CUST_00354,Khach Hang 354,Ho Chi Minh,2025-02-14
CUST_00355,Khach Hang 355,Hai Phong,2024-06-24
CUST_00356,Khach Hang 356,Hanoi,2024-10-17
CUST_00357,Khach Hang 357,Da Nang,2024-02-16
CUST_00358,Khach Hang 358,Hai Phong,2025-11-21
CUST_00359,Khach Hang 359,Ho Chi Minh,2024-12-30
CUST_00360,Khach Hang 360,Da Nang,2025-03-30
CUST_00361,Khach Hang 361,Can Tho,2024-09-18
CUST_00362,Khach Hang 362,Hanoi,2024-09-28
CUST_00363,Khach Hang 363,Hanoi,2024-12-04
CUST_00364,Khach Hang 364,Can Tho,2024-01-28
CUST_00365,Khach Hang 365,Da Nang,2025-08-01
CUST_00366,Khach Hang 366,Da Nang,2025-09-24
CUST_00367,Khach Hang 367,Can Tho,2025-08-14
CUST_00368,Khach Hang 368,Hai Phong,2025-07-25
CUST_00369,Khach Hang 369,Ho Chi Minh,2025-03-23
CUST_00370,Khach Hang 370,Da Nang,2024-08-02
CUST_00371,Khach Hang 371,Hai Phong,2024-07-06
CUST_00372,Khach Hang 372,Da Nang,2024-09-21
CUST_00373,Khach Hang 373,Hai Phong,2025-01-17
CUST_00374,Khach Hang 374,Can Tho,2024-09-06
CUST_00375,Khach Hang 375,Ho Chi Minh,2024-11-20
CUST_00376,Khach Hang 376,Can Tho,2024-05-28
CUST_00377,Khach Hang 377,Hanoi,2025-03-27
CUST_00378,Khach Hang 378,Hanoi,2025-08-28
CUST_00379,Khach Hang 379,Da Nang,2024-04-21
CUST_00380,Khach Hang 380,Ho Chi Minh,2024-04-09
CUST_00381,Khach Hang 381,Hai Phong,2024-04-29
CUST_00382,Khach Hang 382,Ho Chi Minh,2024-04-02
CUST_00383,Khach Hang 383,Hai Phong,2024-02-28
CUST_00384,Khach Hang 384,Hai Phong,2025-06-14
CUST_00385,Khach Hang 385,Da Nang,2025-01-15
CUST_00386,Khach Hang 386,Hanoi,2024-03-13
CUST_00387,Khach Hang 387,Hanoi,2025-07-01
CUST_00388,Khach Hang 388,Hanoi,2024-09-13
CUST_00389,Khach Hang 389,Da Nang,2025-02-24
CUST_00390,Khach Hang 390,Hai Phong,2025-11-24
CUST_00391,Khach Hang 391,Can Tho,2025-03-10
CUST_00392,Khach Hang 392,Da Nang,2025-06-07
CUST_00393,Khach Hang 393,Hanoi,2025-09-16
CUST_00394,Khach Hang 394,Hai Phong,2025-07-21
CUST_00395,Khach Hang 395,Ho Chi Minh,2025-11-15
CUST_00396,Khach Hang 396,Da Nang,2024-11-25
CUST_00397,Khach Hang 397,Hanoi,2025-09-02
CUST_00398,Khach Hang 398,Can Tho,2024-08-15
CUST_00399,Khach Hang 399,Hanoi,2024-06-18
CUST_00400,Khach Hang 400,Hai Phong,2024-03-19
CUST_00401,Khach Hang 401,Ho Chi Minh,2024-09-05
CUST_00402,Khach Hang 402,Ho Chi Minh,2024-12-31
CUST_00403,Khach Hang 403,Hai Phong,2025-08-13
CUST_00404,Khach Hang 404,Can Tho,2025-02-25
CUST_00405,Khach Hang 405,Da Nang,2024-04-30
CUST_00406,Khach Hang 406,Hanoi,2025-05-27
CUST_00407,Khach Hang 407,Ho Chi Minh,2025-11-12
CUST_00408,Khach Hang 408,Hai Phong,2024-08-02
CUST_00409,Khach Hang 409,Hanoi,2024-02-23
CUST_00410,Khach Hang 410,Da Nang,2025-11-05
CUST_00411,Khach Hang 411,Ho Chi Minh,2025-04-09
CUST_00412,Khach Hang 412,Hanoi,2024-07-22
CUST_00413,Khach Hang 413,Can Tho,2025-10-28
CUST_00414,Khach Hang 414,Ho Chi Minh,2024-10-08
CUST_00415,Khach Hang 415,Can Tho,2025-06-28
CUST_00416,Khach Hang 416,Hai Phong,2024-01-09
CUST_00417,Khach Hang 417,Ho Chi Minh,2024-02-10
CUST_00418,Khach Hang 418,Ho Chi Minh,2024-06-08
CUST_00419,Khach Hang 419,Hanoi,2024-05-31
CUST_00420,Khach Hang 420,Da Nang,2025-11-03
CUST_00421,Khach Hang 421,Ho Chi Minh,2025-03-04
CUST_00422,Khach Hang 422,Hai Phong,2024-09-28
CUST_00423,Khach Hang 423,Da Nang,2024-06-07
CUST_00424,Khach Hang 424,Ho Chi Minh,2024-12-20
CUST_00425,Khach Hang 425,Hanoi,2025-09-22
CUST_00426,Khach Hang 426,Hanoi,2025-05-22
CUST_00427,Khach Hang 427,Hai Phong,2025-11-09
CUST_00428,Khach Hang 428,Ho Chi Minh,2024-05-17
CUST_00429,Khach Hang 429,Can Tho,2024-01-09
CUST_00430,Khach Hang 430,Ho Chi Minh,2024-12-08
CUST_00431,Khach Hang 431,Can Tho,2024-12-05
CUST_00432,Khach Hang 432,Can Tho,2024-10-30
CUST_00433,Khach Hang 433,Can Tho,2025-07-13
CUST_00434,Khach Hang 434,Can Tho,2024-06-16
CUST_00435,Khach Hang 435,Ho Chi Minh,2025-08-11
CUST_00436,Khach Hang 436,Can Tho,2025-06-13
CUST_00437,Khach Hang 437,Can Tho,2025-05-10
CUST_00438,Khach Hang 438,Da Nang,2025-07-15
CUST_00439,Khach Hang 439,Hanoi,2024-04-14
CUST_00440,Khach Hang 440,Hanoi,2025-09-16
CUST_00441,Khach Hang 441,Hai Phong,2024-05-24
CUST_00442,Khach Hang 442,Da Nang,2024-03-06
CUST_00443,Khach Hang 443,Da Nang,2024-10-15
CUST_00444,Khach Hang 444,Hai Phong,2025-04-26
CUST_00445,Khach Hang 445,Hanoi,2025-11-30
CUST_00446,Khach Hang 446,Hai Phong,2024-09-18
CUST_00447,Khach Hang 447,Can Tho,2025-09-15
CUST_00448,Khach Hang 448,Can Tho,2025-07-06
CUST_00449,Khach Hang 449,Can Tho,2024-10-13
CUST_00450,Khach Hang 450,Hai Phong,2025-04-02
CUST_00451,Khach Hang 451,Ho Chi Minh,2024-11-08
CUST_00452,Khach Hang 452,Can Tho,2025-01-30
CUST_00453,Khach Hang 453,Da Nang,2024-01-06
CUST_00454,Khach Hang 454,Hai Phong,2024-10-28
CUST_00455,Khach Hang 455,Da Nang,2024-06-27
CUST_00456,Khach Hang 456,Can Tho,2025-08-20
CUST_00457,Khach Hang 457,Ho Chi Minh,2024-09-10
CUST_00458,Khach Hang 458,Hanoi,2025-04-11
CUST_00459,Khach Hang 459,Ho Chi Minh,2024-04-16
CUST_00460,Khach Hang 460,Hai Phong,2025-05-08
CUST_00461,Khach Hang 461,Ho Chi Minh,2025-07-14
CUST_00462,Khach Hang 462,Ho Chi Minh,2024-09-15
CUST_00463,Khach Hang 463,Can Tho,2025-11-29
CUST_00464,Khach Hang 464,Da Nang,2025-04-30
CUST_00465,Khach Hang 465,Hanoi,2024-07-03
CUST_00466,Khach Hang 466,Can Tho,2024-03-23
CUST_00467,Khach Hang 467,Ho Chi Minh,2024-09-25
CUST_00468,Khach Hang 468,Da Nang,2025-03-16
CUST_00469,Khach Hang 469,Ho Chi Minh,2024-03-21
CUST_00470,Khach Hang 470,Da Nang,2025-04-14
CUST_00471,Khach Hang 471,Hai Phong,2024-07-06
CUST_00472,Khach Hang 472,Ho Chi Minh,2025-05-26
CUST_00473,Khach Hang 473,Can Tho,2024-12-10
CUST_00474,Khach Hang 474,Can Tho,2025-07-02
CUST_00475,Khach Hang 475,Hai Phong,2024-02-18
CUST_00476,Khach Hang 476,Can Tho,2024-10-04
CUST_00477,Khach Hang 477,Hai Phong,2024-12-18
CUST_00478,Khach Hang 478,Da Nang,2024-05-27
CUST_00479,Khach Hang 479,Hai Phong,2025-09-28
CUST_00480,Khach Hang 480,Ho Chi Minh,2024-07-04
CUST_00481,Khach Hang 481,Can Tho,2025-03-09
CUST_00482,Khach Hang 482,Hai Phong,2025-04-01
CUST_00483,Khach Hang 483,Hai Phong,2025-03-14
CUST_00484,Khach Hang 484,Hanoi,2025-09-26
CUST_00485,Khach Hang 485,Da Nang,2025-05-30
CUST_00486,Khach Hang 486,Can Tho,2025-06-14
CUST_00487,Khach Hang 487,Can Tho,2025-10-26
CUST_00488,Khach Hang 488,Hai Phong,2025-09-25
CUST_00489,Khach Hang 489,Hai Phong,2025-04-10
CUST_00490,Khach Hang 490,Da Nang,2025-08-26
CUST_00491,Khach Hang 491,Hanoi,2025-07-08
CUST_00492,Khach Hang 492,Hanoi,2025-06-21
CUST_00493,Khach Hang 493,Hai Phong,2025-04-17
CUST_00494,Khach Hang 494,Da Nang,2025-04-26
CUST_00495,Khach Hang 495,Da Nang,2024-12-04
CUST_00496,Khach Hang 496,Hanoi,2024-10-27
CUST_00497,Khach Hang 497,Can Tho,2024-10-12
CUST_00498,Khach Hang 498,Da Nang,2024-12-03
CUST_00499,Khach Hang 499,Hai Phong,2025-06-09
CUST_00500,Khach Hang 500,Can Tho,2024-09-21
CUST_00501,Khach Hang 501,Can Tho,2025-04-07
CUST_00502,Khach Hang 502,Hanoi,2024-10-28
CUST_00503,Khach Hang 503,Ho Chi Minh,2024-03-11
CUST_00504,Khach Hang 504,Hanoi,2024-08-29
CUST_00505,Khach Hang 505,Hanoi,2024-10-11
CUST_00506,Khach Hang 506,Da Nang,2024-01-05
CUST_00507,Khach Hang 507,Da Nang,2024-04-28
CUST_00508,Khach Hang 508,Hanoi,2025-09-17
CUST_00509,Khach Hang 509,Hai Phong,2024-05-19
CUST_00510,Khach Hang 510,Hai Phong,2025-08-18
CUST_00511,Khach Hang 511,Ho Chi Minh,2024-08-06
CUST_00512,Khach Hang 512,Can Tho,2025-03-01
CUST_00513,Khach Hang 513,Can Tho,2024-01-04
CUST_00514,Khach Hang 514,Can Tho,2024-12-02
CUST_00515,Khach Hang 515,Hai Phong,2025-09-08
CUST_00516,Khach Hang 516,Hanoi,2025-03-21
CUST_00517,Khach Hang 517,Ho Chi Minh,2024-07-05
CUST_00518,Khach Hang 518,Can Tho,2025-04-09
CUST_00519,Khach Hang 519,Hanoi,2024-12-06
CUST_00520,Khach Hang 520,Da Nang,2025-11-10
CUST_00521,Khach Hang 521,Can Tho,2024-03-06
CUST_00522,Khach Hang 522,Ho Chi Minh,2025-08-18
CUST_00523,Khach Hang 523,Can Tho,2024-08-01
CUST_00524,Khach Hang 524,Ho Chi Minh,2024-09-14
CUST_00525,Khach Hang 525,Can Tho,2025-01-20
CUST_00526,Khach Hang 526,Ho Chi Minh,2024-09-12
CUST_00527,Khach Hang 527,Da Nang,2025-06-12
CUST_00528,Khach Hang 528,Hai Phong,2025-09-09
CUST_00529,Khach Hang 529,Can Tho,2024-01-28
CUST_00530,Khach Hang 530,Hai Phong,2024-04-23
CUST_00531,Khach Hang 531,Da Nang,2024-06-05
CUST_00532,Khach Hang 532,Hanoi,2024-10-12
CUST_00533,Khach Hang 533,Hai Phong,2025-06-24
CUST_00534,Khach Hang 534,Ho Chi Minh,2024-10-20
CUST_00535,Khach Hang 535,Can Tho,2024-10-28
CUST_00536,Khach Hang 536,Hai Phong,2025-05-05
CUST_00537,Khach Hang 537,Can Tho,2025-09-10
CUST_00538,Khach Hang 538,Ho Chi Minh,2024-09-05
CUST_00539,Khach Hang 539,Can Tho,2025-03-08
CUST_00540,Khach Hang 540,Hanoi,2025-11-16
CUST_00541,Khach Hang 541,Da Nang,2024-12-23
CUST_00542,Khach Hang 542,Hai Phong,2025-02-20
CUST_00543,Khach Hang 543,Can Tho,2024-05-01
CUST_00544,Khach Hang 544,Can Tho,2024-03-12
CUST_00545,Khach Hang 545,Hai Phong,2025-01-03
CUST_00546,Khach Hang 546,Ho Chi Minh,2025-02-23
CUST_00547,Khach Hang 547,Da Nang,2025-07-21
CUST_00548,Khach Hang 548,Da Nang,2025-02-15
CUST_00549,Khach Hang 549,Hai Phong,2024-05-19
CUST_00550,Khach Hang 550,Hai Phong,2024-05-15
CUST_00551,Khach Hang 551,Hai Phong,2024-09-02
CUST_00552,Khach Hang 552,Hanoi,2024-03-04
CUST_00553,Khach Hang 553,Ho Chi Minh,2025-04-21
CUST_00554,Khach Hang 554,Can Tho,2024-01-29
CUST_00555,Khach Hang 555,Hanoi,2025-11-04
CUST_00556,Khach Hang 556,Hanoi,2025-03-04
CUST_00557,Khach Hang 557,Da Nang,2024-12-09
CUST_00558,Khach Hang 558,Can Tho,2025-09-20
CUST_00559,Khach Hang 559,Hai Phong,2024-09-15
CUST_00560,Khach Hang 560,Da Nang,2025-06-14
CUST_00561,Khach Hang 561,Hai Phong,2024-01-31
CUST_00562,Khach Hang 562,Da Nang,2024-11-19
CUST_00563,Khach Hang 563,Hanoi,2024-08-25
CUST_00564,Khach Hang 564,Hai Phong,2024-04-14
CUST_00565,Khach Hang 565,Hanoi,2025-01-22
CUST_00566,Khach Hang 566,Da Nang,2024-02-05
CUST_00567,Khach Hang 567,Da Nang,2024-05-14
CUST_00568,Khach Hang 568,Hai Phong,2024-05-13
CUST_00569,Khach Hang 569,Hai Phong,2025-04-05
CUST_00570,Khach Hang 570,Da Nang,2025-10-12
CUST_00571,Khach Hang 571,Can Tho,2024-11-02
CUST_00572,Khach Hang 572,Da Nang,2024-09-04
CUST_00573,Khach Hang 573,Can Tho,2024-09-11
CUST_00574,Khach Hang 574,Hai Phong,2024-02-24
CUST_00575,Khach Hang 575,Ho Chi Minh,2024-08-06
CUST_00576,Khach Hang 576,Da Nang,2025-03-26
CUST_00577,Khach Hang 577,Da Nang,2025-11-22
CUST_00578,Khach Hang 578,Can Tho,2024-06-29
CUST_00579,Khach Hang 579,Hai Phong,2025-10-28
CUST_00580,Khach Hang 580,Ho Chi Minh,2025-05-18
CUST_00581,Khach Hang 581,Hai Phong,2024-03-10
CUST_00582,Khach Hang 582,Hanoi,2025-07-03
CUST_00583,Khach Hang 583,Can Tho,2025-02-27
CUST_00584,Khach Hang 584,Hanoi,2025-10-12
CUST_00585,Khach Hang 585,Ho Chi Minh,2025-10-26
CUST_00586,Khach Hang 586,Da Nang,2024-06-14
CUST_00587,Khach Hang 587,Da Nang,2024-10-18
CUST_00588,Khach Hang 588,Hanoi,2024-11-01
CUST_00589,Khach Hang 589,Hai Phong,2025-04-12
CUST_00590,Khach Hang 590,Hanoi,2024-12-26
CUST_00591,Khach Hang 591,Da Nang,2025-03-04
CUST_00592,Khach Hang 592,Can Tho,2024-07-11
CUST_00593,Khach Hang 593,Can Tho,2024-03-05
CUST_00594,Khach Hang 594,Ho Chi Minh,2024-04-17
CUST_00595,Khach Hang 595,Da Nang,2024-05-13
CUST_00596,Khach Hang 596,Hai Phong,2025-10-02
CUST_00597,Khach Hang 597,Ho Chi Minh,2024-03-19
CUST_00598,Khach Hang 598,Ho Chi Minh,2024-08-02
CUST_00599,Khach Hang 599,Da Nang,2025-07-10
CUST_00600,Khach Hang 600,Da Nang,2024-01-15
CUST_00601,Khach Hang 601,Ho Chi Minh,2025-05-18
CUST_00602,Khach Hang 602,Can Tho,2025-07-11
CUST_00603,Khach Hang 603,Hai Phong,2024-07-09
CUST_00604,Khach Hang 604,Hai Phong,2025-07-24
CUST_00605,Khach Hang 605,Can Tho,2025-05-14
CUST_00606,Khach Hang 606,Hai Phong,2025-07-06
CUST_00607,Khach Hang 607,Hai Phong,2024-02-18
CUST_00608,Khach Hang 608,Hanoi,2025-02-08
CUST_00609,Khach Hang 609,Da Nang,2025-03-02
CUST_00610,Khach Hang 610,Hai Phong,2024-03-20
CUST_00611,Khach Hang 611,Ho Chi Minh,2024-11-22
CUST_00612,Khach Hang 612,Hanoi,2024-11-01
CUST_00613,Khach Hang 613,Can Tho,2024-12-21
CUST_00614,Khach Hang 614,Can Tho,2025-09-29
CUST_00615,Khach Hang 615,Hanoi,2025-06-06
CUST_00616,Khach Hang 616,Ho Chi Minh,2024-12-05
CUST_00617,Khach Hang 617,Hanoi,2025-06-09
CUST_00618,Khach Hang 618,Da Nang,2025-02-14
CUST_00619,Khach Hang 619,Ho Chi Minh,2025-01-20
CUST_00620,Khach Hang 620,Ho Chi Minh,2024-08-25
CUST_00621,Khach Hang 621,Can Tho,2024-12-28
CUST_00622,Khach Hang 622,Hai Phong,2025-03-19
CUST_00623,Khach Hang 623,Hanoi,2024-11-29
CUST_00624,Khach Hang 624,Can Tho,2024-10-30
CUST_00625,Khach Hang 625,Da Nang,2024-03-22
CUST_00626,Khach Hang 626,Hanoi,2025-06-19
CUST_00627,Khach Hang 627,Hanoi,2024-01-30
CUST_00628,Khach Hang 628,Ho Chi Minh,2024-06-18
CUST_00629,Khach Hang 629,Da Nang,2025-10-05
CUST_00630,Khach Hang 630,Ho Chi Minh,2025-07-18
CUST_00631,Khach Hang 631,Hai Phong,2025-11-27
CUST_00632,Khach Hang 632,Da Nang,2025-06-18
CUST_00633,Khach Hang 633,Hanoi,2024-06-29
CUST_00634,Khach Hang 634,Can Tho,2024-12-12
CUST_00635,Khach Hang 635,Hanoi,2024-05-22
CUST_00636,Khach Hang 636,Ho Chi Minh,2024-03-18
CUST_00637,Khach Hang 637,Ho Chi Minh,2024-06-24
CUST_00638,Khach Hang 638,Ho Chi Minh,2025-11-09
CUST_00639,Khach Hang 639,Hanoi,2025-06-19
CUST_00640,Khach Hang 640,Hanoi,2025-07-07
CUST_00641,Khach Hang 641,Ho Chi Minh,2025-01-25
CUST_00642,Khach Hang 642,Hanoi,2025-03-19
CUST_00643,Khach Hang 643,Hanoi,2025-08-21
CUST_00644,Khach Hang 644,Hanoi,2024-02-12
CUST_00645,Khach Hang 645,Hai Phong,2024-11-19
CUST_00646,Khach Hang 646,Ho Chi Minh,2025-09-20
CUST_00647,Khach Hang 647,Ho Chi Minh,2024-10-06
CUST_00648,Khach Hang 648,Da Nang,2025-02-03
CUST_00649,Khach Hang 649,Da Nang,2025-08-26
CUST_00650,Khach Hang 650,Can Tho,2025-09-12
CUST_00651,Khach Hang 651,Can Tho,2025-06-22
CUST_00652,Khach Hang 652,Ho Chi Minh,2024-11-13
CUST_00653,Khach Hang 653,Can Tho,2024-06-28
CUST_00654,Khach Hang 654,Hanoi,2025-07-03
CUST_00655,Khach Hang 655,Hanoi,2025-05-28
CUST_00656,Khach Hang 656,Can Tho,2024-06-09
CUST_00657,Khach Hang 657,Can Tho,2025-06-29
CUST_00658,Khach Hang 658,Hai Phong,2024-10-20
CUST_00659,Khach Hang 659,Can Tho,2025-04-04
CUST_00660,Khach Hang 660,Ho Chi Minh,2024-02-06
CUST_00661,Khach Hang 661,Hanoi,2024-12-02
CUST_00662,Khach Hang 662,Da Nang,2024-06-06
CUST_00663,Khach Hang 663,Hanoi,2024-02-15
CUST_00664,Khach Hang 664,Can Tho,2024-09-05
CUST_00665,Khach Hang 665,Can Tho,2024-03-22
CUST_00666,Khach Hang 666,Hanoi,2025-11-16
CUST_00667,Khach Hang 667,Ho Chi Minh,2024-08-13
CUST_00668,Khach Hang 668,Can Tho,2025-11-21
CUST_00669,Khach Hang 669,Hanoi,2024-06-20
CUST_00670,Khach Hang 670,Da Nang,2025-09-23
CUST_00671,Khach Hang 671,Da Nang,2025-07-07
CUST_00672,Khach Hang 672,Da Nang,2025-07-22
CUST_00673,Khach Hang 673,Can Tho,2025-04-16
CUST_00674,Khach Hang 674,Can Tho,2024-04-03
CUST_00675,Khach Hang 675,Hai Phong,2024-06-20
CUST_00676,Khach Hang 676,Can Tho,2024-08-02
CUST_00677,Khach Hang 677,Can Tho,2024-06-12
CUST_00678,Khach Hang 678,Ho Chi Minh,2024-01-18
CUST_00679,Khach Hang 679,Hai Phong,2024-07-31
CUST_00680,Khach Hang 680,Hai Phong,2025-03-18
CUST_00681,Khach Hang 681,Ho Chi Minh,2025-01-25
CUST_00682,Khach Hang 682,Can Tho,2025-06-19
CUST_00683,Khach Hang 683,Can Tho,2025-03-22
CUST_00684,Khach Hang 684,Can Tho,2024-10-27
CUST_00685,Khach Hang 685,Hai Phong,2024-05-09
CUST_00686,Khach Hang 686,Can Tho,2025-03-29
CUST_00687,Khach Hang 687,Hanoi,2025-05-07
CUST_00688,Khach Hang 688,Hai Phong,2025-07-12
CUST_00689,Khach Hang 689,Can Tho,2025-02-02
CUST_00690,Khach Hang 690,Ho Chi Minh,2024-05-19
CUST_00691,Khach Hang 691,Da Nang,2025-03-13
CUST_00692,Khach Hang 692,Hanoi,2025-07-08
CUST_00693,Khach Hang 693,Can Tho,2025-11-10
CUST_00694,Khach Hang 694,Da Nang,2024-12-12
CUST_00695,Khach Hang 695,Ho Chi Minh,2024-07-09
CUST_00696,Khach Hang 696,Can Tho,2025-04-27
CUST_00697,Khach Hang 697,Hai Phong,2024-05-27
CUST_00698,Khach Hang 698,Hanoi,2025-06-25
CUST_00699,Khach Hang 699,Ho Chi Minh,2025-04-18
CUST_00700,Khach Hang 700,Ho Chi Minh,2025-01-22
CUST_00701,Khach Hang 701,Can Tho,2024-01-30
CUST_00702,Khach Hang 702,Da Nang,2024-09-06
CUST_00703,Khach Hang 703,Hai Phong,2024-06-02
CUST_00704,Khach Hang 704,Hanoi,2024-01-07
CUST_00705,Khach Hang 705,Can Tho,2025-06-01
CUST_00706,Khach Hang 706,Hai Phong,2025-05-09
CUST_00707,Khach Hang 707,Can Tho,2025-04-04
CUST_00708,Khach Hang 708,Hai Phong,2025-07-28
CUST_00709,Khach Hang 709,Can Tho,2024-08-19
CUST_00710,Khach Hang 710,Hai Phong,2024-10-02
CUST_00711,Khach Hang 711,Ho Chi Minh,2025-03-24
CUST_00712,Khach Hang 712,Hanoi,2024-03-22
CUST_00713,Khach Hang 713,Can Tho,2024-01-08
CUST_00714,Khach Hang 714,Hanoi,2025-02-20
CUST_00715,Khach Hang 715,Da Nang,2024-07-05
CUST_00716,Khach Hang 716,Hanoi,2025-11-12
CUST_00717,Khach Hang 717,Hanoi,2025-07-03
CUST_00718,Khach Hang 718,Hanoi,2024-08-21
CUST_00719,Khach Hang 719,Ho Chi Minh,2024-08-15
CUST_00720,Khach Hang 720,Da Nang,2024-09-29
CUST_00721,Khach Hang 721,Ho Chi Minh,2025-10-15
CUST_00722,Khach Hang 722,Can Tho,2025-10-10
CUST_00723,Khach Hang 723,Hai Phong,2024-12-21
CUST_00724,Khach Hang 724,Da Nang,2025-10-13
CUST_00725,Khach Hang 725,Da Nang,2025-01-12
CUST_00726,Khach Hang 726,Can Tho,2025-05-06
CUST_00727,Khach Hang 727,Ho Chi Minh,2024-09-05
CUST_00728,Khach Hang 728,Hai Phong,2024-12-16
CUST_00729,Khach Hang 729,Hai Phong,2025-03-11
CUST_00730,Khach Hang 730,Da Nang,2024-06-26
CUST_00731,Khach Hang 731,Can Tho,2024-07-16
CUST_00732,Khach Hang 732,Da Nang,2025-10-27
CUST_00733,Khach Hang 733,Hai Phong,2024-05-12
CUST_00734,Khach Hang 734,Da Nang,2025-04-08
CUST_00735,Khach Hang 735,Hanoi,2025-05-26
CUST_00736,Khach Hang 736,Hanoi,2025-10-21
CUST_00737,Khach Hang 737,Ho Chi Minh,2024-02-07
CUST_00738,Khach Hang 738,Hai Phong,2024-02-27
CUST_00739,Khach Hang 739,Hai Phong,2024-09-17
CUST_00740,Khach Hang 740,Can Tho,2024-12-04
CUST_00741,Khach Hang 741,Hai Phong,2024-08-06
CUST_00742,Khach Hang 742,Da Nang,2024-12-13
CUST_00743,Khach Hang 743,Da Nang,2025-06-27
CUST_00744,Khach Hang 744,Da Nang,2024-12-31
CUST_00745,Khach Hang 745,Da Nang,2025-08-21
CUST_00746,Khach Hang 746,Hanoi,2025-04-26
CUST_00747,Khach Hang 747,Da Nang,2024-08-11
CUST_00748,Khach Hang 748,Hanoi,2024-03-03
CUST_00749,Khach Hang 749,Hai Phong,2024-05-08
CUST_00750,Khach Hang 750,Can Tho,2025-04-18
CUST_00751,Khach Hang 751,Hai Phong,2024-08-13
CUST_00752,Khach Hang 752,Ho Chi Minh,2025-10-13
CUST_00753,Khach Hang 753,Ho Chi Minh,2025-11-16
CUST_00754,Khach Hang 754,Da Nang,2024-05-09
CUST_00755,Khach Hang 755,Da Nang,2024-06-23
CUST_00756,Khach Hang 756,Da Nang,2025-07-17
CUST_00757,Khach Hang 757,Hai Phong,2024-12-18
CUST_00758,Khach Hang 758,Hai Phong,2025-04-03
CUST_00759,Khach Hang 759,Hanoi,2024-01-24
CUST_00760,Khach Hang 760,Can Tho,2024-11-15
CUST_00761,Khach Hang 761,Ho Chi Minh,2024-06-16
CUST_00762,Khach Hang 762,Da Nang,2024-09-17
CUST_00763,Khach Hang 763,Da Nang,2024-02-12
CUST_00764,Khach Hang 764,Can Tho,2024-06-05
CUST_00765,Khach Hang 765,Hai Phong,2024-12-05
CUST_00766,Khach Hang 766,Hai Phong,2024-12-16
CUST_00767,Khach Hang 767,Ho Chi Minh,2024-12-11
CUST_00768,Khach Hang 768,Can Tho,2024-10-24
CUST_00769,Khach Hang 769,Hai Phong,2025-02-24
CUST_00770,Khach Hang 770,Da Nang,2025-06-17
CUST_00771,Khach Hang 771,Hanoi,2025-09-10
CUST_00772,Khach Hang 772,Da Nang,2025-12-01
CUST_00773,Khach Hang 773,Da Nang,2024-08-16
CUST_00774,Khach Hang 774,Hanoi,2025-08-15
CUST_00775,Khach Hang 775,Can Tho,2025-04-05
CUST_00776,Khach Hang 776,Hai Phong,2025-04-14
CUST_00777,Khach Hang 777,Hanoi,2025-10-26
CUST_00778,Khach Hang 778,Hanoi,2024-02-09
CUST_00779,Khach Hang 779,Hai Phong,2024-10-27
CUST_00780,Khach Hang 780,Da Nang,2024-04-16
CUST_00781,Khach Hang 781,Hai Phong,2024-04-16
CUST_00782,Khach Hang 782,Can Tho,2025-03-01
CUST_00783,Khach Hang 783,Ho Chi Minh,2025-05-03
CUST_00784,Khach Hang 784,Hanoi,2025-07-25
CUST_00785,Khach Hang 785,Hanoi,2025-07-04
CUST_00786,Khach Hang 786,Ho Chi Minh,2024-03-11
CUST_00787,Khach Hang 787,Da Nang,2025-01-03
CUST_00788,Khach Hang 788,Hanoi,2025-08-20
CUST_00789,Khach Hang 789,Da Nang,2025-03-07
CUST_00790,Khach Hang 790,Hai Phong,2025-10-14
CUST_00791,Khach Hang 791,Hai Phong,2024-10-19
CUST_00792,Khach Hang 792,Hanoi,2025-02-13
CUST_00793,Khach Hang 793,Da Nang,2025-10-22
CUST_00794,Khach Hang 794,Hanoi,2025-04-16
CUST_00795,Khach Hang 795,Da Nang,2024-08-26
CUST_00796,Khach Hang 796,Da Nang,2025-06-24
CUST_00797,Khach Hang 797,Can Tho,2025-02-04
CUST_00798,Khach Hang 798,Hai Phong,2024-12-17
CUST_00799,Khach Hang 799,Da Nang,2025-01-24
CUST_00800,Khach Hang 800,Can Tho,2025-09-15
CUST_00801,Khach Hang 801,Ho Chi Minh,2024-01-11
CUST_00802,Khach Hang 802,Hai Phong,2024-10-31
CUST_00803,Khach Hang 803,Ho Chi Minh,2024-10-12
CUST_00804,Khach Hang 804,Ho Chi Minh,2025-06-11
CUST_00805,Khach Hang 805,Da Nang,2025-11-18
CUST_00806,Khach Hang 806,Da Nang,2024-09-27
CUST_00807,Khach Hang 807,Can Tho,2025-11-18
CUST_00808,Khach Hang 808,Ho Chi Minh,2025-03-17
CUST_00809,Khach Hang 809,Da Nang,2025-05-26
CUST_00810,Khach Hang 810,Da Nang,2024-08-21
CUST_00811,Khach Hang 811,Can Tho,2024-07-31
CUST_00812,Khach Hang 812,Ho Chi Minh,2024-07-10
CUST_00813,Khach Hang 813,Da Nang,2024-07-01
CUST_00814,Khach Hang 814,Da Nang,2025-09-30
CUST_00815,Khach Hang 815,Ho Chi Minh,2024-03-13
CUST_00816,Khach Hang 816,Can Tho,2024-06-15
CUST_00817,Khach Hang 817,Ho Chi Minh,2024-10-17
CUST_00818,Khach Hang 818,Da Nang,2025-07-11
CUST_00819,Khach Hang 819,Hanoi,2025-09-08
CUST_00820,Khach Hang 820,Da Nang,2024-12-04
CUST_00821,Khach Hang 821,Ho Chi Minh,2024-12-26
CUST_00822,Khach Hang 822,Hanoi,2025-07-01
CUST_00823,Khach Hang 823,Hai Phong,2025-04-21
CUST_00824,Khach Hang 824,Hai Phong,2025-03-24
CUST_00825,Khach Hang 825,Can Tho,2024-01-30
CUST_00826,Khach Hang 826,Ho Chi Minh,2024-01-11
CUST_00827,Khach Hang 827,Ho Chi Minh,2025-11-06
CUST_00828,Khach Hang 828,Can Tho,2025-03-09
CUST_00829,Khach Hang 829,Hanoi,2024-06-14
CUST_00830,Khach Hang 830,Hanoi,2024-09-01
CUST_00831,Khach Hang 831,Hai Phong,2025-11-24
CUST_00832,Khach Hang 832,Da Nang,2025-09-21
CUST_00833,Khach Hang 833,Da Nang,2024-09-25
CUST_00834,Khach Hang 834,Hanoi,2024-11-16
CUST_00835,Khach Hang 835,Hai Phong,2025-08-19
CUST_00836,Khach Hang 836,Hanoi,2025-08-30
CUST_00837,Khach Hang 837,Da Nang,2025-11-24
CUST_00838,Khach Hang 838,Can Tho,2024-10-12
CUST_00839,Khach Hang 839,Da Nang,2024-06-12
CUST_00840,Khach Hang 840,Hai Phong,2025-03-07
CUST_00841,Khach Hang 841,Ho Chi Minh,2024-10-08
CUST_00842,Khach Hang 842,Hai Phong,2024-02-02
CUST_00843,Khach Hang 843,Hai Phong,2025-05-14
CUST_00844,Khach Hang 844,Da Nang,2025-02-26
CUST_00845,Khach Hang 845,Ho Chi Minh,2024-01-25
CUST_00846,Khach Hang 846,Hai Phong,2025-10-13
CUST_00847,Khach Hang 847,Hanoi,2025-07-22
CUST_00848,Khach Hang 848,Da Nang,2025-08-31
CUST_00849,Khach Hang 849,Da Nang,2024-11-26
CUST_00850,Khach Hang 850,Hanoi,2024-07-30
CUST_00851,Khach Hang 851,Hai Phong,2024-03-01
CUST_00852,Khach Hang 852,Can Tho,2024-03-28
CUST_00853,Khach Hang 853,Hanoi,2024-05-11
CUST_00854,Khach Hang 854,Ho Chi Minh,2024-02-18
CUST_00855,Khach Hang 855,Da Nang,2024-08-18
CUST_00856,Khach Hang 856,Hanoi,2024-09-07
CUST_00857,Khach Hang 857,Can Tho,2025-08-12
CUST_00858,Khach Hang 858,Hanoi,2025-06-07
CUST_00859,Khach Hang 859,Hai Phong,2024-01-30
CUST_00860,Khach Hang 860,Hanoi,2024-04-30
CUST_00861,Khach Hang 861,Ho Chi Minh,2024-09-04
CUST_00862,Khach Hang 862,Can Tho,2025-05-31
CUST_00863,Khach Hang 863,Ho Chi Minh,2025-05-25
CUST_00864,Khach Hang 864,Hanoi,2024-04-03
CUST_00865,Khach Hang 865,Hanoi,2025-01-19
CUST_00866,Khach Hang 866,Ho Chi Minh,2024-05-27
CUST_00867,Khach Hang 867,Da Nang,2025-07-11
CUST_00868,Khach Hang 868,Hanoi,2024-08-17
CUST_00869,Khach Hang 869,Can Tho,2024-09-10
CUST_00870,Khach Hang 870,Hai Phong,2024-12-30
CUST_00871,Khach Hang 871,Hai Phong,2025-03-10
CUST_00872,Khach Hang 872,Da Nang,2025-07-16
CUST_00873,Khach Hang 873,Da Nang,2025-10-01
CUST_00874,Khach Hang 874,Ho Chi Minh,2024-02-24
CUST_00875,Khach Hang 875,Can Tho,2024-11-24
CUST_00876,Khach Hang 876,Da Nang,2025-07-15
CUST_00877,Khach Hang 877,Da Nang,2024-03-18
CUST_00878,Khach Hang 878,Da Nang,2024-02-09
CUST_00879,Khach Hang 879,Da Nang,2025-07-07
CUST_00880,Khach Hang 880,Ho Chi Minh,2025-11-20
CUST_00881,Khach Hang 881,Hanoi,2024-01-18
CUST_00882,Khach Hang 882,Ho Chi Minh,2024-04-29
CUST_00883,Khach Hang 883,Ho Chi Minh,2025-01-09
CUST_00884,Khach Hang 884,Hai Phong,2024-08-11
CUST_00885,Khach Hang 885,Ho Chi Minh,2024-07-30
CUST_00886,Khach Hang 886,Da Nang,2025-04-13
CUST_00887,Khach Hang 887,Hai Phong,2024-10-13
CUST_00888,Khach Hang 888,Hanoi,2024-07-21
CUST_00889,Khach Hang 889,Hanoi,2024-11-29
CUST_00890,Khach Hang 890,Hanoi,2025-02-17
CUST_00891,Khach Hang 891,Ho Chi Minh,2025-04-14
CUST_00892,Khach Hang 892,Hanoi,2024-01-22
CUST_00893,Khach Hang 893,Ho Chi Minh,2024-05-12
CUST_00894,Khach Hang 894,Can Tho,2025-10-13
CUST_00895,Khach Hang 895,Can Tho,2025-11-02
CUST_00896,Khach Hang 896,Da Nang,2025-04-05
CUST_00897,Khach Hang 897,Can Tho,2025-05-17
CUST_00898,Khach Hang 898,Ho Chi Minh,2024-06-18
CUST_00899,Khach Hang 899,Da Nang,2025-06-07
CUST_00900,Khach Hang 900,Da Nang,2025-04-16
CUST_00901,Khach Hang 901,Can Tho,2024-03-13
CUST_00902,Khach Hang 902,Da Nang,2024-11-22
CUST_00903,Khach Hang 903,Can Tho,2025-01-25
CUST_00904,Khach Hang 904,Da Nang,2025-01-09
CUST_00905,Khach Hang 905,Ho Chi Minh,2025-09-14
CUST_00906,Khach Hang 906,Da Nang,2025-03-17
CUST_00907,Khach Hang 907,Da Nang,2025-11-06
CUST_00908,Khach Hang 908,Hanoi,2025-09-27
CUST_00909,Khach Hang 909,Hanoi,2025-01-11
CUST_00910,Khach Hang 910,Hai Phong,2025-04-18
CUST_00911,Khach Hang 911,Ho Chi Minh,2025-08-18
CUST_00912,Khach Hang 912,Hanoi,2025-11-14
CUST_00913,Khach Hang 913,Hanoi,2024-10-29
CUST_00914,Khach Hang 914,Hai Phong,2024-12-27
CUST_00915,Khach Hang 915,Hai Phong,2025-05-21
CUST_00916,Khach Hang 916,Hanoi,2024-12-14
CUST_00917,Khach Hang 917,Hanoi,2025-08-04
CUST_00918,Khach Hang 918,Ho Chi Minh,2024-12-17
CUST_00919,Khach Hang 919,Hanoi,2025-09-18
CUST_00920,Khach Hang 920,Can Tho,2025-08-06
CUST_00921,Khach Hang 921,Ho Chi Minh,2025-01-14
CUST_00922,Khach Hang 922,Ho Chi Minh,2025-01-11
CUST_00923,Khach Hang 923,Hai Phong,2024-01-27
CUST_00924,Khach Hang 924,Da Nang,2024-12-16
CUST_00925,Khach Hang 925,Can Tho,2024-11-27
CUST_00926,Khach Hang 926,Can Tho,2025-10-26
CUST_00927,Khach Hang 927,Hanoi,2024-09-02
CUST_00928,Khach Hang 928,Hanoi,2025-10-06
CUST_00929,Khach Hang 929,Ho Chi Minh,2025-01-31
CUST_00930,Khach Hang 930,Da Nang,2024-05-17
CUST_00931,Khach Hang 931,Hanoi,2025-07-30
CUST_00932,Khach Hang 932,Ho Chi Minh,2025-10-08
CUST_00933,Khach Hang 933,Can Tho,2024-03-25
CUST_00934,Khach Hang 934,Can Tho,2025-03-29
CUST_00935,Khach Hang 935,Hanoi,2024-04-27
CUST_00936,Khach Hang 936,Can Tho,2024-11-03
CUST_00937,Khach Hang 937,Can Tho,2025-06-10
CUST_00938,Khach Hang 938,Hanoi,2025-01-08
CUST_00939,Khach Hang 939,Hanoi,2024-10-20
CUST_00940,Khach Hang 940,Da Nang,2024-03-17
CUST_00941,Khach Hang 941,Hanoi,2025-07-26
CUST_00942,Khach Hang 942,Da Nang,2024-08-17
CUST_00943,Khach Hang 943,Hanoi,2025-10-01
CUST_00944,Khach Hang 944,Hanoi,2024-12-19
CUST_00945,Khach Hang 945,Da Nang,2024-06-13
CUST_00946,Khach Hang 946,Da Nang,2024-11-16
CUST_00947,Khach Hang 947,Da Nang,2024-05-14
CUST_00948,Khach Hang 948,Hai Phong,2025-11-09
CUST_00949,Khach Hang 949,Da Nang,2025-01-10
CUST_00950,Khach Hang 950,Hai Phong,2024-05-26
CUST_00951,Khach Hang 951,Da Nang,2024-03-04
CUST_00952,Khach Hang 952,Ho Chi Minh,2025-04-09
CUST_00953,Khach Hang 953,Hanoi,2025-11-15
CUST_00954,Khach Hang 954,Hanoi,2025-06-26
CUST_00955,Khach Hang 955,Hanoi,2025-10-22
CUST_00956,Khach Hang 956,Ho Chi Minh,2025-05-27
CUST_00957,Khach Hang 957,Ho Chi Minh,2024-06-16
CUST_00958,Khach Hang 958,Da Nang,2024-03-17
CUST_00959,Khach Hang 959,Can Tho,2025-02-07
CUST_00960,Khach Hang 960,Can Tho,2025-10-27
CUST_00961,Khach Hang 961,Ho Chi Minh,2024-11-16
CUST_00962,Khach Hang 962,Hanoi,2024-04-08
CUST_00963,Khach Hang 963,Hanoi,2024-03-09
CUST_00964,Khach Hang 964,Hai Phong,2025-09-16
CUST_00965,Khach Hang 965,Ho Chi Minh,2025-10-06
CUST_00966,Khach Hang 966,Da Nang,2024-07-08
CUST_00967,Khach Hang 967,Ho Chi Minh,2024-04-04
CUST_00968,Khach Hang 968,Da Nang,2024-11-02
CUST_00969,Khach Hang 969,Ho Chi Minh,2025-01-18
CUST_00970,Khach Hang 970,Hai Phong,2025-05-18
CUST_00971,Khach Hang 971,Ho Chi Minh,2024-10-29
CUST_00972,Khach Hang 972,Da Nang,2024-10-29
CUST_00973,Khach Hang 973,Da Nang,2024-11-23
CUST_00974,Khach Hang 974,Ho Chi Minh,2024-06-01
CUST_00975,Khach Hang 975,Hanoi,2024-03-02
CUST_00976,Khach Hang 976,Can Tho,2024-07-28
CUST_00977,Khach Hang 977,Can Tho,2024-02-11
CUST_00978,Khach Hang 978,Can Tho,2025-11-11
CUST_00979,Khach Hang 979,Can Tho,2024-05-18
CUST_00980,Khach Hang 980,Hanoi,2025-04-29
CUST_00981,Khach Hang 981,Hanoi,2025-10-07
CUST_00982,Khach Hang 982,Hai Phong,2025-01-29
CUST_00983,Khach Hang 983,Hai Phong,2025-09-29
CUST_00984,Khach Hang 984,Can Tho,2024-09-25
CUST_00985,Khach Hang 985,Can Tho,2025-04-19
CUST_00986,Khach Hang 986,Hai Phong,2024-07-26
CUST_00987,Khach Hang 987,Hai Phong,2024-01-27
CUST_00988,Khach Hang 988,Ho Chi Minh,2025-06-09
CUST_00989,Khach Hang 989,Da Nang,2025-07-14
CUST_00990,Khach Hang 990,Hanoi,2024-05-24
CUST_00991,Khach Hang 991,Hanoi,2024-11-03
CUST_00992,Khach Hang 992,Ho Chi Minh,2024-02-28
CUST_00993,Khach Hang 993,Can Tho,2024-07-12
CUST_00994,Khach Hang 994,Hai Phong,2025-01-06
CUST_00995,Khach Hang 995,Can Tho,2025-11-30
CUST_00996,Khach Hang 996,Da Nang,2024-09-04
CUST_00997,Khach Hang 997,Hai Phong,2024-06-25
CUST_00998,Khach Hang 998,Can Tho,2024-04-03
CUST_00999,Khach Hang 999,Can Tho,2024-06-21
CUST_01000,Khach Hang 1000,Can Tho,2024-10-18
CUST_01001,Khach Hang 1001,Hai Phong,2024-10-19
CUST_01002,Khach Hang 1002,Hai Phong,2024-01-10
CUST_01003,Khach Hang 1003,Can Tho,2024-06-26
CUST_01004,Khach Hang 1004,Ho Chi Minh,2025-08-19
CUST_01005,Khach Hang 1005,Hai Phong,2024-07-24
CUST_01006,Khach Hang 1006,Da Nang,2025-03-22
CUST_01007,Khach Hang 1007,Can Tho,2024-08-27
CUST_01008,Khach Hang 1008,Hai Phong,2024-10-23
CUST_01009,Khach Hang 1009,Da Nang,2025-10-21
CUST_01010,Khach Hang 1010,Da Nang,2024-01-23
CUST_01011,Khach Hang 1011,Hai Phong,2025-08-12
CUST_01012,Khach Hang 1012,Ho Chi Minh,2024-09-13
CUST_01013,Khach Hang 1013,Can Tho,2024-04-02
CUST_01014,Khach Hang 1014,Ho Chi Minh,2024-06-29
CUST_01015,Khach Hang 1015,Hanoi,2024-03-31
CUST_01016,Khach Hang 1016,Hanoi,2025-07-18
CUST_01017,Khach Hang 1017,Hai Phong,2024-02-09
CUST_01018,Khach Hang 1018,Da Nang,2025-01-05
CUST_01019,Khach Hang 1019,Hanoi,2025-11-06
CUST_01020,Khach Hang 1020,Can Tho,2024-06-17
CUST_01021,Khach Hang 1021,Can Tho,2024-12-28
CUST_01022,Khach Hang 1022,Hai Phong,2025-05-04
CUST_01023,Khach Hang 1023,Ho Chi Minh,2025-08-08
CUST_01024,Khach Hang 1024,Can Tho,2024-11-20
CUST_01025,Khach Hang 1025,Ho Chi Minh,2025-08-19
CUST_01026,Khach Hang 1026,Hanoi,2025-08-04
CUST_01027,Khach Hang 1027,Hai Phong,2024-03-03
CUST_01028,Khach Hang 1028,Hanoi,2024-01-28
CUST_01029,Khach Hang 1029,Hai Phong,2024-10-16
CUST_01030,Khach Hang 1030,Da Nang,2025-05-04
CUST_01031,Khach Hang 1031,Da Nang,2025-09-14
CUST_01032,Khach Hang 1032,Hanoi,2024-09-15
CUST_01033,Khach Hang 1033,Ho Chi Minh,2024-03-31
CUST_01034,Khach Hang 1034,Hanoi,2024-05-19
CUST_01035,Khach Hang 1035,Ho Chi Minh,2025-11-02
CUST_01036,Khach Hang 1036,Hanoi,2024-08-30
CUST_01037,Khach Hang 1037,Hai Phong,2024-06-06
CUST_01038,Khach Hang 1038,Hai Phong,2024-11-28
CUST_01039,Khach Hang 1039,Can Tho,2024-11-05
CUST_01040,Khach Hang 1040,Can Tho,2025-02-20
CUST_01041,Khach Hang 1041,Da Nang,2024-01-09
CUST_01042,Khach Hang 1042,Ho Chi Minh,2024-03-29
CUST_01043,Khach Hang 1043,Can Tho,2025-07-20
CUST_01044,Khach Hang 1044,Da Nang,2025-08-31
CUST_01045,Khach Hang 1045,Ho Chi Minh,2024-03-30
CUST_01046,Khach Hang 1046,Hanoi,2024-04-26
CUST_01047,Khach Hang 1047,Hanoi,2024-07-27
CUST_01048,Khach Hang 1048,Can Tho,2024-11-05
CUST_01049,Khach Hang 1049,Ho Chi Minh,2024-08-26
CUST_01050,Khach Hang 1050,Can Tho,2024-09-25
CUST_01051,Khach Hang 1051,Ho Chi Minh,2025-05-29
CUST_01052,Khach Hang 1052,Da Nang,2025-01-10
CUST_01053,Khach Hang 1053,Can Tho,2025-04-29
CUST_01054,Khach Hang 1054,Hanoi,2024-03-11
CUST_01055,Khach Hang 1055,Ho Chi Minh,2024-07-25
CUST_01056,Khach Hang 1056,Can Tho,2024-08-07
CUST_01057,Khach Hang 1057,Da Nang,2025-09-07
CUST_01058,Khach Hang 1058,Hai Phong,2025-09-30
CUST_01059,Khach Hang 1059,Da Nang,2025-03-18
CUST_01060,Khach Hang 1060,Ho Chi Minh,2024-06-29
CUST_01061,Khach Hang 1061,Ho Chi Minh,2025-04-17
CUST_01062,Khach Hang 1062,Can Tho,2025-03-13
CUST_01063,Khach Hang 1063,Can Tho,2025-07-13
CUST_01064,Khach Hang 1064,Ho Chi Minh,2025-03-01
CUST_01065,Khach Hang 1065,Hai Phong,2024-03-30
CUST_01066,Khach Hang 1066,Da Nang,2024-07-09
CUST_01067,Khach Hang 1067,Can Tho,2025-05-20
CUST_01068,Khach Hang 1068,Da Nang,2024-09-01
CUST_01069,Khach Hang 1069,Hanoi,2024-10-24
CUST_01070,Khach Hang 1070,Can Tho,2024-05-11
CUST_01071,Khach Hang 1071,Ho Chi Minh,2024-04-28
CUST_01072,Khach Hang 1072,Hanoi,2024-04-29
CUST_01073,Khach Hang 1073,Ho Chi Minh,2024-06-03
CUST_01074,Khach Hang 1074,Hai Phong,2024-01-27
CUST_01075,Khach Hang 1075,Can Tho,2024-06-18
CUST_01076,Khach Hang 1076,Ho Chi Minh,2025-09-26
CUST_01077,Khach Hang 1077,Hanoi,2024-03-29
CUST_01078,Khach Hang 1078,Hai Phong,2024-07-27
CUST_01079,Khach Hang 1079,Can Tho,2025-05-29
CUST_01080,Khach Hang 1080,Hanoi,2024-03-26
CUST_01081,Khach Hang 1081,Can Tho,2024-08-17
CUST_01082,Khach Hang 1082,Hanoi,2024-02-10
CUST_01083,Khach Hang 1083,Hanoi,2024-04-04
CUST_01084,Khach Hang 1084,Hai Phong,2024-10-23
CUST_01085,Khach Hang 1085,Da Nang,2025-08-29
CUST_01086,Khach Hang 1086,Ho Chi Minh,2024-11-08
CUST_01087,Khach Hang 1087,Hanoi,2025-07-27
CUST_01088,Khach Hang 1088,Hai Phong,2024-02-05
CUST_01089,Khach Hang 1089,Hanoi,2024-06-15
CUST_01090,Khach Hang 1090,Da Nang,2025-09-24
CUST_01091,Khach Hang 1091,Can Tho,2025-06-22
CUST_01092,Khach Hang 1092,Ho Chi Minh,2025-09-08
CUST_01093,Khach Hang 1093,Hai Phong,2024-02-21
CUST_01094,Khach Hang 1094,Hanoi,2025-07-23
CUST_01095,Khach Hang 1095,Hanoi,2025-07-12
CUST_01096,Khach Hang 1096,Da Nang,2025-10-22
CUST_01097,Khach Hang 1097,Da Nang,2025-06-24
CUST_01098,Khach Hang 1098,Ho Chi Minh,2024-03-12
CUST_01099,Khach Hang 1099,Da Nang,2025-08-15
CUST_01100,Khach Hang 1100,Hanoi,2025-01-23
CUST_01101,Khach Hang 1101,Ho Chi Minh,2025-11-24
CUST_01102,Khach Hang 1102,Ho Chi Minh,2025-02-26
CUST_01103,Khach Hang 1103,Ho Chi Minh,2024-11-05
CUST_01104,Khach Hang 1104,Ho Chi Minh,2025-01-04
CUST_01105,Khach Hang 1105,Hanoi,2024-06-10
CUST_01106,Khach Hang 1106,Da Nang,2024-07-11
CUST_01107,Khach Hang 1107,Can Tho,2024-04-29
CUST_01108,Khach Hang 1108,Da Nang,2025-08-09
CUST_01109,Khach Hang 1109,Da Nang,2024-04-20
CUST_01110,Khach Hang 1110,Can Tho,2025-11-23
CUST_01111,Khach Hang 1111,Ho Chi Minh,2025-08-12
CUST_01112,Khach Hang 1112,Hai Phong,2025-08-27
CUST_01113,Khach Hang 1113,Da Nang,2024-02-06
CUST_01114,Khach Hang 1114,Da Nang,2025-06-09
CUST_01115,Khach Hang 1115,Ho Chi Minh,2024-06-06
CUST_01116,Khach Hang 1116,Ho Chi Minh,2024-03-12
CUST_01117,Khach Hang 1117,Hanoi,2025-11-17
CUST_01118,Khach Hang 1118,Hanoi,2024-08-10
CUST_01119,Khach Hang 1119,Hai Phong,2024-07-15
CUST_01120,Khach Hang 1120,Da Nang,2024-11-24
CUST_01121,Khach Hang 1121,Hanoi,2025-02-05
CUST_01122,Khach Hang 1122,Can Tho,2025-07-29
CUST_01123,Khach Hang 1123,Can Tho,2024-07-30
CUST_01124,Khach Hang 1124,Da Nang,2024-04-06
CUST_01125,Khach Hang 1125,Da Nang,2025-03-28
CUST_01126,Khach Hang 1126,Hai Phong,2024-06-04
CUST_01127,Khach Hang 1127,Da Nang,2024-08-27
CUST_01128,Khach Hang 1128,Can Tho,2025-03-17
CUST_01129,Khach Hang 1129,Hai Phong,2025-10-03
CUST_01130,Khach Hang 1130,Ho Chi Minh,2025-02-12
CUST_01131,Khach Hang 1131,Da Nang,2025-05-15
CUST_01132,Khach Hang 1132,Da Nang,2024-02-25
CUST_01133,Khach Hang 1133,Ho Chi Minh,2024-11-03
CUST_01134,Khach Hang 1134,Hanoi,2024-03-11
CUST_01135,Khach Hang 1135,Ho Chi Minh,2025-05-10
CUST_01136,Khach Hang 1136,Can Tho,2024-03-28
CUST_01137,Khach Hang 1137,Hanoi,2024-01-12
CUST_01138,Khach Hang 1138,Da Nang,2025-11-01
CUST_01139,Khach Hang 1139,Hanoi,2024-08-10
CUST_01140,Khach Hang 1140,Can Tho,2025-07-15
CUST_01141,Khach Hang 1141,Da Nang,2025-07-30
CUST_01142,Khach Hang 1142,Da Nang,2024-04-04
CUST_01143,Khach Hang 1143,Hai Phong,2025-09-25
CUST_01144,Khach Hang 1144,Can Tho,2024-04-27
CUST_01145,Khach Hang 1145,Can Tho,2025-06-02
CUST_01146,Khach Hang 1146,Ho Chi Minh,2025-05-05
CUST_01147,Khach Hang 1147,Hanoi,2024-10-24
CUST_01148,Khach Hang 1148,Can Tho,2024-02-06
CUST_01149,Khach Hang 1149,Ho Chi Minh,2024-11-24
CUST_01150,Khach Hang 1150,Ho Chi Minh,2024-01-31
CUST_01151,Khach Hang 1151,Can Tho,2024-04-24
CUST_01152,Khach Hang 1152,Can Tho,2024-09-01
CUST_01153,Khach Hang 1153,Ho Chi Minh,2024-07-29
CUST_01154,Khach Hang 1154,Da Nang,2024-06-11
CUST_01155,Khach Hang 1155,Da Nang,2024-01-24
CUST_01156,Khach Hang 1156,Ho Chi Minh,2024-09-11
CUST_01157,Khach Hang 1157,Ho Chi Minh,2024-10-05
CUST_01158,Khach Hang 1158,Hai Phong,2024-09-26
CUST_01159,Khach Hang 1159,Ho Chi Minh,2025-08-29
CUST_01160,Khach Hang 1160,Da Nang,2025-01-11
CUST_01161,Khach Hang 1161,Da Nang,2025-03-16
CUST_01162,Khach Hang 1162,Hai Phong,2024-01-29
CUST_01163,Khach Hang 1163,Ho Chi Minh,2025-05-19
CUST_01164,Khach Hang 1164,Can Tho,2024-03-19
CUST_01165,Khach Hang 1165,Ho Chi Minh,2024-09-19
CUST_01166,Khach Hang 1166,Can Tho,2025-06-15
CUST_01167,Khach Hang 1167,Da Nang,2025-05-01
CUST_01168,Khach Hang 1168,Hai Phong,2025-02-04
CUST_01169,Khach Hang 1169,Can Tho,2024-12-19
CUST_01170,Khach Hang 1170,Hai Phong,2024-02-29
CUST_01171,Khach Hang 1171,Ho Chi Minh,2025-05-22
CUST_01172,Khach Hang 1172,Can Tho,2025-04-09
CUST_01173,Khach Hang 1173,Can Tho,2024-12-21
CUST_01174,Khach Hang 1174,Hai Phong,2024-06-06
CUST_01175,Khach Hang 1175,Ho Chi Minh,2025-01-01
CUST_01176,Khach Hang 1176,Hai Phong,2025-10-30
CUST_01177,Khach Hang 1177,Da Nang,2025-04-15
CUST_01178,Khach Hang 1178,Hanoi,2024-06-04
CUST_01179,Khach Hang 1179,Hai Phong,2024-08-19
CUST_01180,Khach Hang 1180,Can Tho,2024-03-18
CUST_01181,Khach Hang 1181,Ho Chi Minh,2025-01-21
CUST_01182,Khach Hang 1182,Ho Chi Minh,2024-08-01
CUST_01183,Khach Hang 1183,Hanoi,2024-04-30
CUST_01184,Khach Hang 1184,Hai Phong,2025-02-07
CUST_01185,Khach Hang 1185,Da Nang,2024-01-27
CUST_01186,Khach Hang 1186,Can Tho,2024-07-19
CUST_01187,Khach Hang 1187,Ho Chi Minh,2025-11-09
CUST_01188,Khach Hang 1188,Can Tho,2025-05-24
CUST_01189,Khach Hang 1189,Ho Chi Minh,2025-10-19
CUST_01190,Khach Hang 1190,Da Nang,2025-05-30
CUST_01191,Khach Hang 1191,Ho Chi Minh,2024-03-19
CUST_01192,Khach Hang 1192,Da Nang,2024-04-05
CUST_01193,Khach Hang 1193,Can Tho,2025-10-29
CUST_01194,Khach Hang 1194,Ho Chi Minh,2025-11-18
CUST_01195,Khach Hang 1195,Da Nang,2024-02-26
CUST_01196,Khach Hang 1196,Hai Phong,2024-11-19
CUST_01197,Khach Hang 1197,Can Tho,2025-03-26
CUST_01198,Khach Hang 1198,Hanoi,2024-02-01
CUST_01199,Khach Hang 1199,Hai Phong,2024-07-11
CUST_01200,Khach Hang 1200,Da Nang,2025-08-10
CUST_01201,Khach Hang 1201,Ho Chi Minh,2025-09-18
CUST_01202,Khach Hang 1202,Da Nang,2025-01-23
CUST_01203,Khach Hang 1203,Can Tho,2024-07-29
CUST_01204,Khach Hang 1204,Can Tho,2024-03-02
CUST_01205,Khach Hang 1205,Ho Chi Minh,2025-03-10
CUST_01206,Khach Hang 1206,Hai Phong,2025-02-12
CUST_01207,Khach Hang 1207,Can Tho,2025-04-17
CUST_01208,Khach Hang 1208,Hai Phong,2024-01-24
CUST_01209,Khach Hang 1209,Ho Chi Minh,2024-01-14
CUST_01210,Khach Hang 1210,Da Nang,2024-12-19
CUST_01211,Khach Hang 1211,Hanoi,2025-08-31
CUST_01212,Khach Hang 1212,Hai Phong,2025-09-14
CUST_01213,Khach Hang 1213,Can Tho,2024-10-14
CUST_01214,Khach Hang 1214,Can Tho,2025-02-16
CUST_01215,Khach Hang 1215,Ho Chi Minh,2025-09-03
CUST_01216,Khach Hang 1216,Ho Chi Minh,2025-02-10
CUST_01217,Khach Hang 1217,Hanoi,2025-02-10
CUST_01218,Khach Hang 1218,Hai Phong,2025-09-11
CUST_01219,Khach Hang 1219,Can Tho,2024-09-08
CUST_01220,Khach Hang 1220,Ho Chi Minh,2024-05-20
CUST_01221,Khach Hang 1221,Can Tho,2024-09-10
CUST_01222,Khach Hang 1222,Da Nang,2024-08-11
CUST_01223,Khach Hang 1223,Ho Chi Minh,2025-04-17
CUST_01224,Khach Hang 1224,Da Nang,2024-03-01
CUST_01225,Khach Hang 1225,Hanoi,2024-01-30
CUST_01226,Khach Hang 1226,Can Tho,2025-05-19
CUST_01227,Khach Hang 1227,Can Tho,2024-04-20
CUST_01228,Khach Hang 1228,Da Nang,2025-11-28
CUST_01229,Khach Hang 1229,Hanoi,2024-11-21
CUST_01230,Khach Hang 1230,Can Tho,2025-06-19
CUST_01231,Khach Hang 1231,Hanoi,2024-01-10
CUST_01232,Khach Hang 1232,Hanoi,2024-01-28
CUST_01233,Khach Hang 1233,Hanoi,2025-08-16
CUST_01234,Khach Hang 1234,Hai Phong,2025-05-22
CUST_01235,Khach Hang 1235,Da Nang,2024-03-08
CUST_01236,Khach Hang 1236,Hai Phong,2024-10-07
CUST_01237,Khach Hang 1237,Can Tho,2025-11-02
CUST_01238,Khach Hang 1238,Ho Chi Minh,2024-02-19
CUST_01239,Khach Hang 1239,Ho Chi Minh,2025-07-26
CUST_01240,Khach Hang 1240,Ho Chi Minh,2025-03-06
CUST_01241,Khach Hang 1241,Ho Chi Minh,2024-07-21
CUST_01242,Khach Hang 1242,Da Nang,2024-09-12
CUST_01243,Khach Hang 1243,Hai Phong,2024-07-05
CUST_01244,Khach Hang 1244,Da Nang,2024-08-09
CUST_01245,Khach Hang 1245,Hanoi,2024-11-01
CUST_01246,Khach Hang 1246,Ho Chi Minh,2024-08-08
CUST_01247,Khach Hang 1247,Can Tho,2024-02-01
CUST_01248,Khach Hang 1248,Hai Phong,2025-02-19
CUST_01249,Khach Hang 1249,Ho Chi Minh,2024-12-11
CUST_01250,Khach Hang 1250,Hanoi,2025-07-01
CUST_01251,Khach Hang 1251,Can Tho,2025-05-17
CUST_01252,Khach Hang 1252,Da Nang,2024-10-27
CUST_01253,Khach Hang 1253,Ho Chi Minh,2024-10-19
CUST_01254,Khach Hang 1254,Hai Phong,2025-07-08
CUST_01255,Khach Hang 1255,Da Nang,2025-06-22
CUST_01256,Khach Hang 1256,Can Tho,2025-07-19
CUST_01257,Khach Hang 1257,Hanoi,2024-07-16
CUST_01258,Khach Hang 1258,Da Nang,2025-09-30
CUST_01259,Khach Hang 1259,Ho Chi Minh,2025-10-28
CUST_01260,Khach Hang 1260,Can Tho,2024-06-24
CUST_01261,Khach Hang 1261,Da Nang,2024-09-06
CUST_01262,Khach Hang 1262,Hanoi,2025-04-24
CUST_01263,Khach Hang 1263,Ho Chi Minh,2024-12-09
CUST_01264,Khach Hang 1264,Hai Phong,2025-09-06
CUST_01265,Khach Hang 1265,Can Tho,2024-01-06
CUST_01266,Khach Hang 1266,Hanoi,2025-08-14
CUST_01267,Khach Hang 1267,Hanoi,2025-05-19
CUST_01268,Khach Hang 1268,Can Tho,2024-07-09
CUST_01269,Khach Hang 1269,Ho Chi Minh,2024-05-25
CUST_01270,Khach Hang 1270,Hanoi,2025-06-21
CUST_01271,Khach Hang 1271,Hanoi,2024-11-28
CUST_01272,Khach Hang 1272,Hanoi,2025-07-08
CUST_01273,Khach Hang 1273,Can Tho,2024-05-24
CUST_01274,Khach Hang 1274,Can Tho,2025-01-17
CUST_01275,Khach Hang 1275,Hai Phong,2025-07-17
CUST_01276,Khach Hang 1276,Hai Phong,2024-12-11
CUST_01277,Khach Hang 1277,Hanoi,2024-10-07
CUST_01278,Khach Hang 1278,Ho Chi Minh,2024-12-30
CUST_01279,Khach Hang 1279,Hanoi,2024-11-19
CUST_01280,Khach Hang 1280,Hanoi,2024-04-25
CUST_01281,Khach Hang 1281,Da Nang,2024-08-04
CUST_01282,Khach Hang 1282,Hanoi,2025-09-27
CUST_01283,Khach Hang 1283,Ho Chi Minh,2024-04-27
CUST_01284,Khach Hang 1284,Ho Chi Minh,2025-08-12
CUST_01285,Khach Hang 1285,Hai Phong,2025-03-06
CUST_01286,Khach Hang 1286,Hai Phong,2024-01-25
CUST_01287,Khach Hang 1287,Da Nang,2024-08-07
CUST_01288,Khach Hang 1288,Hanoi,2024-11-14
CUST_01289,Khach Hang 1289,Hanoi,2025-06-15
CUST_01290,Khach Hang 1290,Ho Chi Minh,2024-06-18
CUST_01291,Khach Hang 1291,Hanoi,2024-08-28
CUST_01292,Khach Hang 1292,Hai Phong,2025-03-14
CUST_01293,Khach Hang 1293,Da Nang,2025-05-22
CUST_01294,Khach Hang 1294,Hai Phong,2025-07-09
CUST_01295,Khach Hang 1295,Hanoi,2025-07-28
CUST_01296,Khach Hang 1296,Can Tho,2024-07-30
CUST_01297,Khach Hang 1297,Hai Phong,2025-07-14
CUST_01298,Khach Hang 1298,Ho Chi Minh,2025-05-15
CUST_01299,Khach Hang 1299,Da Nang,2024-07-19
CUST_01300,Khach Hang 1300,Hanoi,2025-02-09
CUST_01301,Khach Hang 1301,Hai Phong,2025-07-30
CUST_01302,Khach Hang 1302,Can Tho,2025-10-12
CUST_01303,Khach Hang 1303,Can Tho,2024-07-16
CUST_01304,Khach Hang 1304,Can Tho,2024-05-28
CUST_01305,Khach Hang 1305,Can Tho,2024-09-03
CUST_01306,Khach Hang 1306,Da Nang,2025-06-28
CUST_01307,Khach Hang 1307,Hanoi,2024-01-18
CUST_01308,Khach Hang 1308,Can Tho,2024-02-03
CUST_01309,Khach Hang 1309,Hanoi,2024-09-21
CUST_01310,Khach Hang 1310,Ho Chi Minh,2024-08-29
CUST_01311,Khach Hang 1311,Ho Chi Minh,2025-02-25
CUST_01312,Khach Hang 1312,Hanoi,2024-09-18
CUST_01313,Khach Hang 1313,Hai Phong,2025-03-25
CUST_01314,Khach Hang 1314,Can Tho,2025-01-07
CUST_01315,Khach Hang 1315,Da Nang,2025-06-15
CUST_01316,Khach Hang 1316,Hai Phong,2024-11-14
CUST_01317,Khach Hang 1317,Hai Phong,2025-02-27
CUST_01318,Khach Hang 1318,Da Nang,2025-03-07
CUST_01319,Khach Hang 1319,Can Tho,2024-10-07
CUST_01320,Khach Hang 1320,Ho Chi Minh,2025-06-13
CUST_01321,Khach Hang 1321,Ho Chi Minh,2025-03-17
CUST_01322,Khach Hang 1322,Da Nang,2025-05-06
CUST_01323,Khach Hang 1323,Hai Phong,2024-09-29
CUST_01324,Khach Hang 1324,Hanoi,2024-04-10
CUST_01325,Khach Hang 1325,Hanoi,2025-02-06
CUST_01326,Khach Hang 1326,Can Tho,2024-08-24
CUST_01327,Khach Hang 1327,Da Nang,2025-05-17
CUST_01328,Khach Hang 1328,Can Tho,2024-03-31
CUST_01329,Khach Hang 1329,Hanoi,2024-05-13
CUST_01330,Khach Hang 1330,Ho Chi Minh,2024-02-09
CUST_01331,Khach Hang 1331,Hanoi,2025-02-13
CUST_01332,Khach Hang 1332,Hai Phong,2024-08-21
CUST_01333,Khach Hang 1333,Ho Chi Minh,2024-04-18
CUST_01334,Khach Hang 1334,Ho Chi Minh,2025-04-13
CUST_01335,Khach Hang 1335,Da Nang,2024-12-06
CUST_01336,Khach Hang 1336,Hanoi,2024-12-19
CUST_01337,Khach Hang 1337,Hai Phong,2024-06-21
CUST_01338,Khach Hang 1338,Can Tho,2025-08-11
CUST_01339,Khach Hang 1339,Ho Chi Minh,2025-03-28
CUST_01340,Khach Hang 1340,Hanoi,2025-05-07
CUST_01341,Khach Hang 1341,Hanoi,2025-02-13
CUST_01342,Khach Hang 1342,Ho Chi Minh,2024-02-08
CUST_01343,Khach Hang 1343,Hanoi,2024-05-04
CUST_01344,Khach Hang 1344,Hai Phong,2024-09-23
CUST_01345,Khach Hang 1345,Hai Phong,2025-01-01
CUST_01346,Khach Hang 1346,Da Nang,2025-06-09
CUST_01347,Khach Hang 1347,Hanoi,2024-11-05
CUST_01348,Khach Hang 1348,Can Tho,2024-01-05
CUST_01349,Khach Hang 1349,Hai Phong,2025-06-09
CUST_01350,Khach Hang 1350,Hanoi,2024-04-15
CUST_01351,Khach Hang 1351,Can Tho,2024-04-23
CUST_01352,Khach Hang 1352,Da Nang,2024-10-02
CUST_01353,Khach Hang 1353,Hanoi,2024-09-16
CUST_01354,Khach Hang 1354,Ho Chi Minh,2024-03-22
CUST_01355,Khach Hang 1355,Ho Chi Minh,2025-01-13
CUST_01356,Khach Hang 1356,Da Nang,2025-03-25
CUST_01357,Khach Hang 1357,Hanoi,2024-07-01
CUST_01358,Khach Hang 1358,Da Nang,2025-07-11
CUST_01359,Khach Hang 1359,Ho Chi Minh,2024-04-25
CUST_01360,Khach Hang 1360,Hanoi,2024-11-15
CUST_01361,Khach Hang 1361,Ho Chi Minh,2024-08-07
CUST_01362,Khach Hang 1362,Hai Phong,2025-01-23
CUST_01363,Khach Hang 1363,Da Nang,2024-03-11
CUST_01364,Khach Hang 1364,Can Tho,2024-03-15
CUST_01365,Khach Hang 1365,Hai Phong,2025-02-28
CUST_01366,Khach Hang 1366,Da Nang,2025-07-05
CUST_01367,Khach Hang 1367,Da Nang,2025-01-25
CUST_01368,Khach Hang 1368,Hanoi,2024-05-01
CUST_01369,Khach Hang 1369,Ho Chi Minh,2024-04-14
CUST_01370,Khach Hang 1370,Hai Phong,2024-11-10
CUST_01371,Khach Hang 1371,Da Nang,2025-01-30
CUST_01372,Khach Hang 1372,Ho Chi Minh,2024-02-01
CUST_01373,Khach Hang 1373,Can Tho,2024-07-22
CUST_01374,Khach Hang 1374,Da Nang,2025-01-19
CUST_01375,Khach Hang 1375,Can Tho,2024-03-18
CUST_01376,Khach Hang 1376,Hanoi,2024-04-01
CUST_01377,Khach Hang 1377,Hanoi,2025-06-12
CUST_01378,Khach Hang 1378,Hanoi,2025-09-14
CUST_01379,Khach Hang 1379,Hai Phong,2024-06-19
CUST_01380,Khach Hang 1380,Hai Phong,2025-02-13
CUST_01381,Khach Hang 1381,Ho Chi Minh,2024-01-23
CUST_01382,Khach Hang 1382,Hai Phong,2024-12-06
CUST_01383,Khach Hang 1383,Ho Chi Minh,2024-12-15
CUST_01384,Khach Hang 1384,Can Tho,2024-12-13
CUST_01385,Khach Hang 1385,Can Tho,2025-10-07
CUST_01386,Khach Hang 1386,Hai Phong,2024-10-03
CUST_01387,Khach Hang 1387,Da Nang,2025-01-23
CUST_01388,Khach Hang 1388,Hai Phong,2024-12-25
CUST_01389,Khach Hang 1389,Da Nang,2024-09-21
CUST_01390,Khach Hang 1390,Da Nang,2024-06-28
CUST_01391,Khach Hang 1391,Can Tho,2025-02-11
CUST_01392,Khach Hang 1392,Can Tho,2025-05-27
CUST_01393,Khach Hang 1393,Hanoi,2024-09-09
CUST_01394,Khach Hang 1394,Hai Phong,2025-01-23
CUST_01395,Khach Hang 1395,Ho Chi Minh,2025-06-02
CUST_01396,Khach Hang 1396,Hanoi,2024-09-18
CUST_01397,Khach Hang 1397,Ho Chi Minh,2024-08-25
CUST_01398,Khach Hang 1398,Hai Phong,2025-05-26
CUST_01399,Khach Hang 1399,Da Nang,2025-04-07
CUST_01400,Khach Hang 1400,Ho Chi Minh,2024-04-01
CUST_01401,Khach Hang 1401,Da Nang,2024-09-30
CUST_01402,Khach Hang 1402,Hanoi,2024-01-28
CUST_01403,Khach Hang 1403,Ho Chi Minh,2024-07-22
CUST_01404,Khach Hang 1404,Hai Phong,2024-10-24
CUST_01405,Khach Hang 1405,Da Nang,2025-11-23
CUST_01406,Khach Hang 1406,Hai Phong,2024-10-06
CUST_01407,Khach Hang 1407,Hai Phong,2025-10-09
CUST_01408,Khach Hang 1408,Hai Phong,2024-11-18
CUST_01409,Khach Hang 1409,Can Tho,2024-10-14
CUST_01410,Khach Hang 1410,Hai Phong,2024-12-12
CUST_01411,Khach Hang 1411,Hanoi,2025-08-03
CUST_01412,Khach Hang 1412,Da Nang,2024-12-28
CUST_01413,Khach Hang 1413,Da Nang,2025-11-21
CUST_01414,Khach Hang 1414,Hai Phong,2025-02-24
CUST_01415,Khach Hang 1415,Hanoi,2025-03-10
CUST_01416,Khach Hang 1416,Ho Chi Minh,2024-01-30
CUST_01417,Khach Hang 1417,Hanoi,2024-01-10
CUST_01418,Khach Hang 1418,Hanoi,2024-08-24
CUST_01419,Khach Hang 1419,Hai Phong,2024-01-08
CUST_01420,Khach Hang 1420,Ho Chi Minh,2024-03-29
CUST_01421,Khach Hang 1421,Ho Chi Minh,2024-04-04
CUST_01422,Khach Hang 1422,Ho Chi Minh,2025-09-07
CUST_01423,Khach Hang 1423,Hanoi,2025-02-27
CUST_01424,Khach Hang 1424,Da Nang,2025-10-20
CUST_01425,Khach Hang 1425,Can Tho,2024-05-20
CUST_01426,Khach Hang 1426,Can Tho,2024-06-04
CUST_01427,Khach Hang 1427,Ho Chi Minh,2025-05-23
CUST_01428,Khach Hang 1428,Hanoi,2024-06-02
CUST_01429,Khach Hang 1429,Hanoi,2024-08-13
CUST_01430,Khach Hang 1430,Ho Chi Minh,2025-06-19
CUST_01431,Khach Hang 1431,Ho Chi Minh,2025-01-20
CUST_01432,Khach Hang 1432,Da Nang,2025-08-24
CUST_01433,Khach Hang 1433,Hanoi,2025-04-27
CUST_01434,Khach Hang 1434,Hai Phong,2024-09-30
CUST_01435,Khach Hang 1435,Ho Chi Minh,2024-05-08
CUST_01436,Khach Hang 1436,Hai Phong,2024-04-11
CUST_01437,Khach Hang 1437,Da Nang,2025-10-29
CUST_01438,Khach Hang 1438,Da Nang,2025-03-31
CUST_01439,Khach Hang 1439,Hai Phong,2024-07-31
CUST_01440,Khach Hang 1440,Hai Phong,2025-02-03
CUST_01441,Khach Hang 1441,Can Tho,2025-06-27
CUST_01442,Khach Hang 1442,Hai Phong,2024-08-25
CUST_01443,Khach Hang 1443,Hanoi,2025-07-01
CUST_01444,Khach Hang 1444,Can Tho,2025-01-11
CUST_01445,Khach Hang 1445,Can Tho,2025-11-04
CUST_01446,Khach Hang 1446,Can Tho,2024-02-26
CUST_01447,Khach Hang 1447,Ho Chi Minh,2025-08-17
CUST_01448,Khach Hang 1448,Ho Chi Minh,2024-11-28
CUST_01449,Khach Hang 1449,Da Nang,2025-11-26
CUST_01450,Khach Hang 1450,Hai Phong,2025-10-08
CUST_01451,Khach Hang 1451,Hanoi,2025-04-06
CUST_01452,Khach Hang 1452,Hai Phong,2024-01-22
CUST_01453,Khach Hang 1453,Ho Chi Minh,2025-08-22
CUST_01454,Khach Hang 1454,Hanoi,2024-07-17
CUST_01455,Khach Hang 1455,Hanoi,2024-09-21
CUST_01456,Khach Hang 1456,Hai Phong,2024-01-31
CUST_01457,Khach Hang 1457,Can Tho,2025-09-11
CUST_01458,Khach Hang 1458,Can Tho,2025-08-10
CUST_01459,Khach Hang 1459,Da Nang,2024-03-28
CUST_01460,Khach Hang 1460,Ho Chi Minh,2025-02-20
CUST_01461,Khach Hang 1461,Da Nang,2025-11-30
CUST_01462,Khach Hang 1462,Hanoi,2025-01-04
CUST_01463,Khach Hang 1463,Ho Chi Minh,2024-02-03
CUST_01464,Khach Hang 1464,Can Tho,2025-07-10
CUST_01465,Khach Hang 1465,Da Nang,2024-04-26
CUST_01466,Khach Hang 1466,Da Nang,2024-03-12
CUST_01467,Khach Hang 1467,Hanoi,2024-07-12
CUST_01468,Khach Hang 1468,Ho Chi Minh,2025-02-25
CUST_01469,Khach Hang 1469,Da Nang,2024-09-22
CUST_01470,Khach Hang 1470,Hai Phong,2024-01-20
CUST_01471,Khach Hang 1471,Hanoi,2024-09-03
CUST_01472,Khach Hang 1472,Ho Chi Minh,2024-10-08
CUST_01473,Khach Hang 1473,Hai Phong,2025-06-24
CUST_01474,Khach Hang 1474,Da Nang,2025-10-05
CUST_01475,Khach Hang 1475,Ho Chi Minh,2024-09-14
CUST_01476,Khach Hang 1476,Can Tho,2025-07-29
CUST_01477,Khach Hang 1477,Hanoi,2024-10-05
CUST_01478,Khach Hang 1478,Can Tho,2024-07-12
CUST_01479,Khach Hang 1479,Hai Phong,2025-04-30
CUST_01480,Khach Hang 1480,Da Nang,2025-04-19
CUST_01481,Khach Hang 1481,Hanoi,2024-02-04
CUST_01482,Khach Hang 1482,Ho Chi Minh,2024-01-16
CUST_01483,Khach Hang 1483,Hai Phong,2025-03-06
CUST_01484,Khach Hang 1484,Hanoi,2024-06-25
CUST_01485,Khach Hang 1485,Da Nang,2025-05-13
CUST_01486,Khach Hang 1486,Can Tho,2025-08-07
CUST_01487,Khach Hang 1487,Can Tho,2024-12-04
CUST_01488,Khach Hang 1488,Hanoi,2025-11-07
CUST_01489,Khach Hang 1489,Hanoi,2025-08-13
CUST_01490,Khach Hang 1490,Can Tho,2024-12-09
CUST_01491,Khach Hang 1491,Hai Phong,2024-05-07
CUST_01492,Khach Hang 1492,Da Nang,2024-11-08
CUST_01493,Khach Hang 1493,Ho Chi Minh,2024-07-04
CUST_01494,Khach Hang 1494,Hanoi,2025-08-31
CUST_01495,Khach Hang 1495,Da Nang,2024-12-29
CUST_01496,Khach Hang 1496,Hai Phong,2024-09-18
CUST_01497,Khach Hang 1497,Can Tho,2024-10-18
CUST_01498,Khach Hang 1498,Hai Phong,2025-09-19
CUST_01499,Khach Hang 1499,Ho Chi Minh,2025-01-31
CUST_01500,Khach Hang 1500,Ho Chi Minh,2025-03-14
CUST_01501,Khach Hang 1501,Hanoi,2025-08-12
CUST_01502,Khach Hang 1502,Da Nang,2024-12-03
CUST_01503,Khach Hang 1503,Hanoi,2024-10-27
CUST_01504,Khach Hang 1504,Hai Phong,2024-05-21
CUST_01505,Khach Hang 1505,Can Tho,2024-03-27
CUST_01506,Khach Hang 1506,Da Nang,2025-05-02
CUST_01507,Khach Hang 1507,Hanoi,2024-12-28
CUST_01508,Khach Hang 1508,Da Nang,2025-03-21
CUST_01509,Khach Hang 1509,Can Tho,2024-05-13
CUST_01510,Khach Hang 1510,Hanoi,2025-05-01
CUST_01511,Khach Hang 1511,Hai Phong,2024-12-17
CUST_01512,Khach Hang 1512,Hanoi,2024-06-21
CUST_01513,Khach Hang 1513,Hai Phong,2025-05-27
CUST_01514,Khach Hang 1514,Da Nang,2024-01-08
CUST_01515,Khach Hang 1515,Can Tho,2024-01-13
CUST_01516,Khach Hang 1516,Hai Phong,2024-04-24
CUST_01517,Khach Hang 1517,Ho Chi Minh,2025-02-28
CUST_01518,Khach Hang 1518,Hanoi,2024-03-09
CUST_01519,Khach Hang 1519,Hai Phong,2025-10-25
CUST_01520,Khach Hang 1520,Ho Chi Minh,2025-04-02
CUST_01521,Khach Hang 1521,Ho Chi Minh,2024-07-28
CUST_01522,Khach Hang 1522,Hai Phong,2024-10-04
CUST_01523,Khach Hang 1523,Hanoi,2024-11-09
CUST_01524,Khach Hang 1524,Can Tho,2025-04-17
CUST_01525,Khach Hang 1525,Can Tho,2025-08-16
CUST_01526,Khach Hang 1526,Hanoi,2025-11-09
CUST_01527,Khach Hang 1527,Hanoi,2024-10-18
CUST_01528,Khach Hang 1528,Ho Chi Minh,2024-11-22
CUST_01529,Khach Hang 1529,Da Nang,2025-08-22
CUST_01530,Khach Hang 1530,Ho Chi Minh,2024-07-07
CUST_01531,Khach Hang 1531,Hanoi,2024-08-27
CUST_01532,Khach Hang 1532,Da Nang,2024-11-16
CUST_01533,Khach Hang 1533,Hanoi,2025-11-21
CUST_01534,Khach Hang 1534,Hai Phong,2024-04-30
CUST_01535,Khach Hang 1535,Hanoi,2025-02-23
CUST_01536,Khach Hang 1536,Da Nang,2024-08-05
CUST_01537,Khach Hang 1537,Can Tho,2025-07-18
CUST_01538,Khach Hang 1538,Hanoi,2024-08-21
CUST_01539,Khach Hang 1539,Ho Chi Minh,2024-06-15
CUST_01540,Khach Hang 1540,Hanoi,2025-03-08
CUST_01541,Khach Hang 1541,Hai Phong,2024-10-12
CUST_01542,Khach Hang 1542,Da Nang,2025-06-10
CUST_01543,Khach Hang 1543,Hanoi,2025-09-12
CUST_01544,Khach Hang 1544,Can Tho,2025-05-13
CUST_01545,Khach Hang 1545,Hai Phong,2024-04-03
CUST_01546,Khach Hang 1546,Hai Phong,2025-11-30
CUST_01547,Khach Hang 1547,Can Tho,2024-02-17
CUST_01548,Khach Hang 1548,Hai Phong,2024-02-24
CUST_01549,Khach Hang 1549,Hanoi,2024-04-02
CUST_01550,Khach Hang 1550,Da Nang,2025-03-31
CUST_01551,Khach Hang 1551,Can Tho,2024-01-14
CUST_01552,Khach Hang 1552,Da Nang,2025-04-21
CUST_01553,Khach Hang 1553,Can Tho,2025-07-23
CUST_01554,Khach Hang 1554,Hai Phong,2024-04-15
CUST_01555,Khach Hang 1555,Hanoi,2024-05-08
CUST_01556,Khach Hang 1556,Can Tho,2025-11-30
CUST_01557,Khach Hang 1557,Hanoi,2025-09-29
CUST_01558,Khach Hang 1558,Hai Phong,2024-10-17
CUST_01559,Khach Hang 1559,Can Tho,2025-10-13
CUST_01560,Khach Hang 1560,Hai Phong,2025-11-02
CUST_01561,Khach Hang 1561,Ho Chi Minh,2024-12-11
CUST_01562,Khach Hang 1562,Da Nang,2025-04-04
CUST_01563,Khach Hang 1563,Can Tho,2025-02-18
CUST_01564,Khach Hang 1564,Da Nang,2024-03-17
CUST_01565,Khach Hang 1565,Ho Chi Minh,2024-09-02
CUST_01566,Khach Hang 1566,Da Nang,2024-02-11
CUST_01567,Khach Hang 1567,Hai Phong,2024-10-04
CUST_01568,Khach Hang 1568,Ho Chi Minh,2025-08-02
CUST_01569,Khach Hang 1569,Ho Chi Minh,2024-11-04
CUST_01570,Khach Hang 1570,Can Tho,2025-07-26
CUST_01571,Khach Hang 1571,Ho Chi Minh,2024-10-15
CUST_01572,Khach Hang 1572,Ho Chi Minh,2024-04-02
CUST_01573,Khach Hang 1573,Ho Chi Minh,2024-10-22
CUST_01574,Khach Hang 1574,Can Tho,2024-06-26
CUST_01575,Khach Hang 1575,Ho Chi Minh,2025-10-02
CUST_01576,Khach Hang 1576,Da Nang,2025-10-14
CUST_01577,Khach Hang 1577,Ho Chi Minh,2024-09-08
CUST_01578,Khach Hang 1578,Da Nang,2024-11-16
CUST_01579,Khach Hang 1579,Hanoi,2024-12-25
CUST_01580,Khach Hang 1580,Da Nang,2024-06-02
CUST_01581,Khach Hang 1581,Ho Chi Minh,2025-07-08
CUST_01582,Khach Hang 1582,Hai Phong,2024-07-25
CUST_01583,Khach Hang 1583,Da Nang,2025-10-17
CUST_01584,Khach Hang 1584,Hanoi,2024-08-06
CUST_01585,Khach Hang 1585,Hai Phong,2025-05-09
CUST_01586,Khach Hang 1586,Hanoi,2024-06-22
CUST_01587,Khach Hang 1587,Da Nang,2025-11-21
CUST_01588,Khach Hang 1588,Hanoi,2025-07-01
CUST_01589,Khach Hang 1589,Can Tho,2025-04-28
CUST_01590,Khach Hang 1590,Can Tho,2025-01-02
CUST_01591,Khach Hang 1591,Hanoi,2025-02-19
CUST_01592,Khach Hang 1592,Hanoi,2025-11-05
CUST_01593,Khach Hang 1593,Hanoi,2025-05-18
CUST_01594,Khach Hang 1594,Hanoi,2025-08-10
CUST_01595,Khach Hang 1595,Ho Chi Minh,2025-07-22
CUST_01596,Khach Hang 1596,Ho Chi Minh,2024-05-07
CUST_01597,Khach Hang 1597,Hanoi,2025-11-06
CUST_01598,Khach Hang 1598,Hai Phong,2024-08-01
CUST_01599,Khach Hang 1599,Can Tho,2024-02-19
CUST_01600,Khach Hang 1600,Hai Phong,2024-05-21
CUST_01601,Khach Hang 1601,Can Tho,2025-02-28
CUST_01602,Khach Hang 1602,Da Nang,2024-11-29
CUST_01603,Khach Hang 1603,Hai Phong,2025-01-22
CUST_01604,Khach Hang 1604,Hai Phong,2024-10-07
CUST_01605,Khach Hang 1605,Hanoi,2025-10-14
CUST_01606,Khach Hang 1606,Can Tho,2025-04-12
CUST_01607,Khach Hang 1607,Hai Phong,2025-04-28
CUST_01608,Khach Hang 1608,Ho Chi Minh,2024-04-08
CUST_01609,Khach Hang 1609,Hai Phong,2024-03-25
CUST_01610,Khach Hang 1610,Hai Phong,2024-12-15
CUST_01611,Khach Hang 1611,Hanoi,2025-06-14
CUST_01612,Khach Hang 1612,Hai Phong,2025-07-27
CUST_01613,Khach Hang 1613,Da Nang,2024-05-13
CUST_01614,Khach Hang 1614,Hanoi,2024-03-07
CUST_01615,Khach Hang 1615,Da Nang,2025-06-21
CUST_01616,Khach Hang 1616,Da Nang,2025-04-24
CUST_01617,Khach Hang 1617,Can Tho,2024-02-08
CUST_01618,Khach Hang 1618,Hai Phong,2025-11-22
CUST_01619,Khach Hang 1619,Hai Phong,2025-06-18
CUST_01620,Khach Hang 1620,Ho Chi Minh,2025-08-31
CUST_01621,Khach Hang 1621,Can Tho,2024-10-11
CUST_01622,Khach Hang 1622,Hai Phong,2024-03-15
CUST_01623,Khach Hang 1623,Can Tho,2024-01-03
CUST_01624,Khach Hang 1624,Can Tho,2025-05-14
CUST_01625,Khach Hang 1625,Ho Chi Minh,2025-08-13
CUST_01626,Khach Hang 1626,Can Tho,2024-05-03
CUST_01627,Khach Hang 1627,Hanoi,2024-04-28
CUST_01628,Khach Hang 1628,Ho Chi Minh,2025-03-02
CUST_01629,Khach Hang 1629,Can Tho,2024-05-02
CUST_01630,Khach Hang 1630,Hanoi,2024-03-18
CUST_01631,Khach Hang 1631,Ho Chi Minh,2024-11-03
CUST_01632,Khach Hang 1632,Hai Phong,2025-02-14
CUST_01633,Khach Hang 1633,Hanoi,2024-09-20
CUST_01634,Khach Hang 1634,Can Tho,2024-09-17
CUST_01635,Khach Hang 1635,Hai Phong,2025-01-25
CUST_01636,Khach Hang 1636,Can Tho,2025-10-27
CUST_01637,Khach Hang 1637,Ho Chi Minh,2024-03-24
CUST_01638,Khach Hang 1638,Hai Phong,2024-04-15
CUST_01639,Khach Hang 1639,Can Tho,2025-08-19
CUST_01640,Khach Hang 1640,Da Nang,2025-05-31
CUST_01641,Khach Hang 1641,Hai Phong,2024-09-03
CUST_01642,Khach Hang 1642,Da Nang,2024-03-02
CUST_01643,Khach Hang 1643,Hanoi,2025-08-13
CUST_01644,Khach Hang 1644,Hanoi,2025-04-13
CUST_01645,Khach Hang 1645,Hanoi,2025-01-06
CUST_01646,Khach Hang 1646,Da Nang,2024-11-06
CUST_01647,Khach Hang 1647,Da Nang,2024-06-25
CUST_01648,Khach Hang 1648,Hanoi,2024-11-05
CUST_01649,Khach Hang 1649,Ho Chi Minh,2025-05-16
CUST_01650,Khach Hang 1650,Ho Chi Minh,2024-08-05
CUST_01651,Khach Hang 1651,Can Tho,2025-11-17
CUST_01652,Khach Hang 1652,Can Tho,2025-06-12
CUST_01653,Khach Hang 1653,Da Nang,2025-07-13
CUST_01654,Khach Hang 1654,Hai Phong,2025-10-29
CUST_01655,Khach Hang 1655,Hanoi,2024-12-10
CUST_01656,Khach Hang 1656,Hai Phong,2024-07-08
CUST_01657,Khach Hang 1657,Da Nang,2024-09-03
CUST_01658,Khach Hang 1658,Can Tho,2025-05-23
CUST_01659,Khach Hang 1659,Da Nang,2025-11-16
CUST_01660,Khach Hang 1660,Hai Phong,2025-05-09
CUST_01661,Khach Hang 1661,Can Tho,2024-10-26
CUST_01662,Khach Hang 1662,Ho Chi Minh,2025-07-26
CUST_01663,Khach Hang 1663,Can Tho,2025-11-21
CUST_01664,Khach Hang 1664,Hanoi,2025-05-22
CUST_01665,Khach Hang 1665,Can Tho,2025-04-14
CUST_01666,Khach Hang 1666,Ho Chi Minh,2024-01-05
CUST_01667,Khach Hang 1667,Can Tho,2024-02-27
CUST_01668,Khach Hang 1668,Ho Chi Minh,2025-04-25
CUST_01669,Khach Hang 1669,Hai Phong,2025-07-27
CUST_01670,Khach Hang 1670,Ho Chi Minh,2025-07-27
CUST_01671,Khach Hang 1671,Hai Phong,2024-05-03
CUST_01672,Khach Hang 1672,Da Nang,2025-10-09
CUST_01673,Khach Hang 1673,Hanoi,2024-05-30
CUST_01674,Khach Hang 1674,Ho Chi Minh,2024-12-14
CUST_01675,Khach Hang 1675,Hai Phong,2024-09-05
CUST_01676,Khach Hang 1676,Da Nang,2024-06-25
CUST_01677,Khach Hang 1677,Da Nang,2024-12-08
CUST_01678,Khach Hang 1678,Da Nang,2024-04-07
CUST_01679,Khach Hang 1679,Da Nang,2024-06-09
CUST_01680,Khach Hang 1680,Can Tho,2024-03-29
CUST_01681,Khach Hang 1681,Hanoi,2025-10-27
CUST_01682,Khach Hang 1682,Hai Phong,2025-07-22
CUST_01683,Khach Hang 1683,Hai Phong,2024-02-01
CUST_01684,Khach Hang 1684,Can Tho,2025-07-17
CUST_01685,Khach Hang 1685,Hai Phong,2024-06-16
CUST_01686,Khach Hang 1686,Ho Chi Minh,2024-06-18
CUST_01687,Khach Hang 1687,Hai Phong,2025-02-19
CUST_01688,Khach Hang 1688,Hai Phong,2025-05-09
CUST_01689,Khach Hang 1689,Da Nang,2025-08-08
CUST_01690,Khach Hang 1690,Can Tho,2025-08-22
CUST_01691,Khach Hang 1691,Da Nang,2024-03-02
CUST_01692,Khach Hang 1692,Ho Chi Minh,2025-09-21
CUST_01693,Khach Hang 1693,Hai Phong,2025-02-22
CUST_01694,Khach Hang 1694,Hai Phong,2025-11-12
CUST_01695,Khach Hang 1695,Hanoi,2025-02-19
CUST_01696,Khach Hang 1696,Ho Chi Minh,2025-02-25
CUST_01697,Khach Hang 1697,Da Nang,2024-01-20
CUST_01698,Khach Hang 1698,Can Tho,2024-05-31
CUST_01699,Khach Hang 1699,Can Tho,2025-07-08
CUST_01700,Khach Hang 1700,Can Tho,2025-03-16
CUST_01701,Khach Hang 1701,Da Nang,2025-01-04
CUST_01702,Khach Hang 1702,Can Tho,2024-07-27
CUST_01703,Khach Hang 1703,Hanoi,2025-07-16
CUST_01704,Khach Hang 1704,Hai Phong,2024-08-08
CUST_01705,Khach Hang 1705,Can Tho,2025-08-07
CUST_01706,Khach Hang 1706,Hai Phong,2025-10-24
CUST_01707,Khach Hang 1707,Can Tho,2025-01-04
CUST_01708,Khach Hang 1708,Hanoi,2025-04-15
CUST_01709,Khach Hang 1709,Hai Phong,2024-03-05
CUST_01710,Khach Hang 1710,Ho Chi Minh,2025-02-23
CUST_01711,Khach Hang 1711,Hai Phong,2024-11-10
CUST_01712,Khach Hang 1712,Da Nang,2025-02-16
CUST_01713,Khach Hang 1713,Ho Chi Minh,2025-11-15
CUST_01714,Khach Hang 1714,Hanoi,2025-06-26
CUST_01715,Khach Hang 1715,Da Nang,2024-05-16
CUST_01716,Khach Hang 1716,Ho Chi Minh,2024-04-21
CUST_01717,Khach Hang 1717,Da Nang,2024-01-02
CUST_01718,Khach Hang 1718,Hai Phong,2024-01-15
CUST_01719,Khach Hang 1719,Hanoi,2024-07-12
CUST_01720,Khach Hang 1720,Da Nang,2025-11-30
CUST_01721,Khach Hang 1721,Da Nang,2025-04-28
CUST_01722,Khach Hang 1722,Da Nang,2024-01-10
CUST_01723,Khach Hang 1723,Hai Phong,2025-08-30
CUST_01724,Khach Hang 1724,Ho Chi Minh,2024-01-22
CUST_01725,Khach Hang 1725,Hai Phong,2025-04-02
CUST_01726,Khach Hang 1726,Can Tho,2024-02-17
CUST_01727,Khach Hang 1727,Ho Chi Minh,2024-09-08
CUST_01728,Khach Hang 1728,Can Tho,2025-05-14
CUST_01729,Khach Hang 1729,Hai Phong,2025-06-16
CUST_01730,Khach Hang 1730,Hai Phong,2024-03-03
CUST_01731,Khach Hang 1731,Hai Phong,2025-06-24
CUST_01732,Khach Hang 1732,Da Nang,2025-10-08
CUST_01733,Khach Hang 1733,Hai Phong,2025-06-08
CUST_01734,Khach Hang 1734,Da Nang,2025-03-02
CUST_01735,Khach Hang 1735,Can Tho,2025-03-21
CUST_01736,Khach Hang 1736,Can Tho,2025-08-16
CUST_01737,Khach Hang 1737,Hanoi,2024-08-18
CUST_01738,Khach Hang 1738,Hanoi,2024-06-17
CUST_01739,Khach Hang 1739,Can Tho,2024-02-07
CUST_01740,Khach Hang 1740,Ho Chi Minh,2025-05-25
CUST_01741,Khach Hang 1741,Ho Chi Minh,2024-02-05
CUST_01742,Khach Hang 1742,Hanoi,2025-08-07
CUST_01743,Khach Hang 1743,Hai Phong,2025-06-11
CUST_01744,Khach Hang 1744,Can Tho,2024-08-28
CUST_01745,Khach Hang 1745,Ho Chi Minh,2024-10-06
CUST_01746,Khach Hang 1746,Hai Phong,2025-05-31
CUST_01747,Khach Hang 1747,Hai Phong,2024-10-04
CUST_01748,Khach Hang 1748,Can Tho,2025-08-31
CUST_01749,Khach Hang 1749,Hai Phong,2024-06-07
CUST_01750,Khach Hang 1750,Can Tho,2025-11-19
CUST_01751,Khach Hang 1751,Hanoi,2025-03-21
CUST_01752,Khach Hang 1752,Ho Chi Minh,2025-05-18
CUST_01753,Khach Hang 1753,Hai Phong,2024-11-07
CUST_01754,Khach Hang 1754,Can Tho,2025-07-07
CUST_01755,Khach Hang 1755,Can Tho,2025-03-26
CUST_01756,Khach Hang 1756,Da Nang,2025-02-23
CUST_01757,Khach Hang 1757,Da Nang,2025-12-01
CUST_01758,Khach Hang 1758,Hanoi,2024-06-29
CUST_01759,Khach Hang 1759,Hai Phong,2025-09-22
CUST_01760,Khach Hang 1760,Ho Chi Minh,2025-02-23
CUST_01761,Khach Hang 1761,Ho Chi Minh,2024-12-21
CUST_01762,Khach Hang 1762,Da Nang,2024-03-01
CUST_01763,Khach Hang 1763,Ho Chi Minh,2025-05-01
CUST_01764,Khach Hang 1764,Ho Chi Minh,2024-10-20
CUST_01765,Khach Hang 1765,Hai Phong,2025-11-20
CUST_01766,Khach Hang 1766,Can Tho,2024-10-02
CUST_01767,Khach Hang 1767,Hanoi,2024-12-14
CUST_01768,Khach Hang 1768,Hanoi,2025-02-08
CUST_01769,Khach Hang 1769,Ho Chi Minh,2024-11-20
CUST_01770,Khach Hang 1770,Da Nang,2025-03-28
CUST_01771,Khach Hang 1771,Hai Phong,2024-05-16
CUST_01772,Khach Hang 1772,Can Tho,2025-03-13
CUST_01773,Khach Hang 1773,Can Tho,2025-04-27
CUST_01774,Khach Hang 1774,Can Tho,2025-02-08
CUST_01775,Khach Hang 1775,Hai Phong,2025-01-04
CUST_01776,Khach Hang 1776,Ho Chi Minh,2025-11-24
CUST_01777,Khach Hang 1777,Ho Chi Minh,2024-10-09
CUST_01778,Khach Hang 1778,Da Nang,2024-04-01
CUST_01779,Khach Hang 1779,Can Tho,2025-09-04
CUST_01780,Khach Hang 1780,Hai Phong,2025-06-06
CUST_01781,Khach Hang 1781,Can Tho,2024-06-13
CUST_01782,Khach Hang 1782,Ho Chi Minh,2025-05-29
CUST_01783,Khach Hang 1783,Hanoi,2024-04-15
CUST_01784,Khach Hang 1784,Can Tho,2025-04-02
CUST_01785,Khach Hang 1785,Da Nang,2025-08-23
CUST_01786,Khach Hang 1786,Da Nang,2024-10-04
CUST_01787,Khach Hang 1787,Can Tho,2025-05-25
CUST_01788,Khach Hang 1788,Hai Phong,2025-05-03
CUST_01789,Khach Hang 1789,Hanoi,2025-08-14
CUST_01790,Khach Hang 1790,Hai Phong,2024-12-24
CUST_01791,Khach Hang 1791,Can Tho,2024-01-04
CUST_01792,Khach Hang 1792,Ho Chi Minh,2024-02-11
CUST_01793,Khach Hang 1793,Ho Chi Minh,2024-07-17
CUST_01794,Khach Hang 1794,Hai Phong,2024-11-10
CUST_01795,Khach Hang 1795,Can Tho,2024-12-07
CUST_01796,Khach Hang 1796,Can Tho,2024-05-15
CUST_01797,Khach Hang 1797,Hanoi,2024-06-01
CUST_01798,Khach Hang 1798,Ho Chi Minh,2024-03-03
CUST_01799,Khach Hang 1799,Can Tho,2024-07-09
CUST_01800,Khach Hang 1800,Hai Phong,2025-03-23
CUST_01801,Khach Hang 1801,Ho Chi Minh,2024-07-02
CUST_01802,Khach Hang 1802,Da Nang,2025-02-10
CUST_01803,Khach Hang 1803,Can Tho,2025-09-18
CUST_01804,Khach Hang 1804,Ho Chi Minh,2024-08-19
CUST_01805,Khach Hang 1805,Hai Phong,2024-02-29
CUST_01806,Khach Hang 1806,Ho Chi Minh,2024-08-09
CUST_01807,Khach Hang 1807,Hai Phong,2024-05-08
CUST_01808,Khach Hang 1808,Hai Phong,2025-02-02
CUST_01809,Khach Hang 1809,Da Nang,2025-11-10
CUST_01810,Khach Hang 1810,Hanoi,2024-09-18
CUST_01811,Khach Hang 1811,Can Tho,2024-12-19
CUST_01812,Khach Hang 1812,Hai Phong,2024-06-24
CUST_01813,Khach Hang 1813,Da Nang,2025-01-15
CUST_01814,Khach Hang 1814,Da Nang,2025-03-29
CUST_01815,Khach Hang 1815,Da Nang,2024-08-16
CUST_01816,Khach Hang 1816,Ho Chi Minh,2024-09-04
CUST_01817,Khach Hang 1817,Da Nang,2024-01-11
CUST_01818,Khach Hang 1818,Ho Chi Minh,2025-09-18
CUST_01819,Khach Hang 1819,Hai Phong,2024-02-03
CUST_01820,Khach Hang 1820,Ho Chi Minh,2025-04-17
CUST_01821,Khach Hang 1821,Hai Phong,2024-09-21
CUST_01822,Khach Hang 1822,Hai Phong,2024-02-10
CUST_01823,Khach Hang 1823,Hanoi,2025-01-25
CUST_01824,Khach Hang 1824,Da Nang,2024-08-20
CUST_01825,Khach Hang 1825,Ho Chi Minh,2024-12-09
CUST_01826,Khach Hang 1826,Can Tho,2024-03-29
CUST_01827,Khach Hang 1827,Can Tho,2025-03-19
CUST_01828,Khach Hang 1828,Hai Phong,2025-06-11
CUST_01829,Khach Hang 1829,Da Nang,2024-12-17
CUST_01830,Khach Hang 1830,Can Tho,2024-05-30
CUST_01831,Khach Hang 1831,Ho Chi Minh,2025-10-24
CUST_01832,Khach Hang 1832,Can Tho,2024-06-01
CUST_01833,Khach Hang 1833,Hai Phong,2024-10-05
CUST_01834,Khach Hang 1834,Hanoi,2025-04-21
CUST_01835,Khach Hang 1835,Hai Phong,2025-02-13
CUST_01836,Khach Hang 1836,Da Nang,2025-05-05
CUST_01837,Khach Hang 1837,Can Tho,2025-01-11
CUST_01838,Khach Hang 1838,Hanoi,2024-05-05
CUST_01839,Khach Hang 1839,Can Tho,2024-05-08
CUST_01840,Khach Hang 1840,Hai Phong,2024-12-16
CUST_01841,Khach Hang 1841,Hanoi,2025-07-25
CUST_01842,Khach Hang 1842,Hai Phong,2024-07-23
CUST_01843,Khach Hang 1843,Hai Phong,2025-05-08
CUST_01844,Khach Hang 1844,Hanoi,2025-10-10
CUST_01845,Khach Hang 1845,Da Nang,2025-08-11
CUST_01846,Khach Hang 1846,Ho Chi Minh,2025-08-30
CUST_01847,Khach Hang 1847,Da Nang,2024-01-26
CUST_01848,Khach Hang 1848,Hanoi,2024-03-04
CUST_01849,Khach Hang 1849,Hanoi,2025-01-01
CUST_01850,Khach Hang 1850,Hai Phong,2024-08-02
CUST_01851,Khach Hang 1851,Ho Chi Minh,2025-02-13
CUST_01852,Khach Hang 1852,Hanoi,2025-02-21
CUST_01853,Khach Hang 1853,Can Tho,2025-09-06
CUST_01854,Khach Hang 1854,Da Nang,2024-08-01
CUST_01855,Khach Hang 1855,Da Nang,2024-07-17
CUST_01856,Khach Hang 1856,Ho Chi Minh,2024-05-19
CUST_01857,Khach Hang 1857,Can Tho,2025-05-19
CUST_01858,Khach Hang 1858,Ho Chi Minh,2025-03-20
CUST_01859,Khach Hang 1859,Hai Phong,2024-08-24
CUST_01860,Khach Hang 1860,Hai Phong,2024-08-10
CUST_01861,Khach Hang 1861,Ho Chi Minh,2024-09-21
CUST_01862,Khach Hang 1862,Hai Phong,2024-05-12
CUST_01863,Khach Hang 1863,Can Tho,2024-06-02
CUST_01864,Khach Hang 1864,Can Tho,2025-06-29
CUST_01865,Khach Hang 1865,Hai Phong,2024-12-29
CUST_01866,Khach Hang 1866,Ho Chi Minh,2025-02-13
CUST_01867,Khach Hang 1867,Hanoi,2024-06-12
CUST_01868,Khach Hang 1868,Da Nang,2025-06-16
CUST_01869,Khach Hang 1869,Ho Chi Minh,2024-08-24
CUST_01870,Khach Hang 1870,Hai Phong,2025-04-21
CUST_01871,Khach Hang 1871,Ho Chi Minh,2024-05-23
CUST_01872,Khach Hang 1872,Hanoi,2024-08-12
CUST_01873,Khach Hang 1873,Hai Phong,2025-05-24
CUST_01874,Khach Hang 1874,Hanoi,2025-11-21
CUST_01875,Khach Hang 1875,Da Nang,2024-06-29
CUST_01876,Khach Hang 1876,Hanoi,2024-07-09
CUST_01877,Khach Hang 1877,Hanoi,2024-12-11
CUST_01878,Khach Hang 1878,Hanoi,2025-08-16
CUST_01879,Khach Hang 1879,Ho Chi Minh,2024-07-31
CUST_01880,Khach Hang 1880,Da Nang,2024-04-14
CUST_01881,Khach Hang 1881,Ho Chi Minh,2024-02-06
CUST_01882,Khach Hang 1882,Hai Phong,2024-08-26
CUST_01883,Khach Hang 1883,Ho Chi Minh,2024-08-22
CUST_01884,Khach Hang 1884,Hanoi,2025-04-27
CUST_01885,Khach Hang 1885,Ho Chi Minh,2024-02-24
CUST_01886,Khach Hang 1886,Ho Chi Minh,2024-01-08
CUST_01887,Khach Hang 1887,Ho Chi Minh,2025-07-10
CUST_01888,Khach Hang 1888,Hai Phong,2025-08-21
CUST_01889,Khach Hang 1889,Can Tho,2024-11-15
CUST_01890,Khach Hang 1890,Hanoi,2024-05-25
CUST_01891,Khach Hang 1891,Can Tho,2025-11-01
CUST_01892,Khach Hang 1892,Hanoi,2024-07-31
CUST_01893,Khach Hang 1893,Da Nang,2024-09-14
CUST_01894,Khach Hang 1894,Da Nang,2024-02-04
CUST_01895,Khach Hang 1895,Hanoi,2024-07-28
CUST_01896,Khach Hang 1896,Da Nang,2025-04-01
CUST_01897,Khach Hang 1897,Ho Chi Minh,2024-01-12
CUST_01898,Khach Hang 1898,Can Tho,2024-09-30
CUST_01899,Khach Hang 1899,Hai Phong,2024-07-21
CUST_01900,Khach Hang 1900,Da Nang,2024-07-14
CUST_01901,Khach Hang 1901,Hai Phong,2024-08-26
CUST_01902,Khach Hang 1902,Hai Phong,2024-07-20
CUST_01903,Khach Hang 1903,Hanoi,2025-11-30
CUST_01904,Khach Hang 1904,Hanoi,2024-05-06
CUST_01905,Khach Hang 1905,Da Nang,2025-10-09
CUST_01906,Khach Hang 1906,Ho Chi Minh,2025-10-03
CUST_01907,Khach Hang 1907,Hai Phong,2025-07-04
CUST_01908,Khach Hang 1908,Hanoi,2025-06-10
CUST_01909,Khach Hang 1909,Hai Phong,2024-08-03
CUST_01910,Khach Hang 1910,Da Nang,2025-06-30
CUST_01911,Khach Hang 1911,Hai Phong,2024-10-14
CUST_01912,Khach Hang 1912,Hai Phong,2025-01-10
CUST_01913,Khach Hang 1913,Can Tho,2025-02-12
CUST_01914,Khach Hang 1914,Ho Chi Minh,2025-10-11
CUST_01915,Khach Hang 1915,Da Nang,2024-03-25
CUST_01916,Khach Hang 1916,Da Nang,2024-05-10
CUST_01917,Khach Hang 1917,Can Tho,2025-01-03
CUST_01918,Khach Hang 1918,Hanoi,2025-10-23
CUST_01919,Khach Hang 1919,Hanoi,2025-05-13
CUST_01920,Khach Hang 1920,Can Tho,2025-07-14
CUST_01921,Khach Hang 1921,Hai Phong,2025-10-02
CUST_01922,Khach Hang 1922,Hai Phong,2024-01-13
CUST_01923,Khach Hang 1923,Hai Phong,2024-10-02
CUST_01924,Khach Hang 1924,Ho Chi Minh,2025-04-20
CUST_01925,Khach Hang 1925,Ho Chi Minh,2024-08-12
CUST_01926,Khach Hang 1926,Da Nang,2025-03-26
CUST_01927,Khach Hang 1927,Hai Phong,2024-04-13
CUST_01928,Khach Hang 1928,Ho Chi Minh,2025-08-29
CUST_01929,Khach Hang 1929,Hanoi,2025-06-20
CUST_01930,Khach Hang 1930,Ho Chi Minh,2025-10-19
CUST_01931,Khach Hang 1931,Ho Chi Minh,2025-10-03
CUST_01932,Khach Hang 1932,Can Tho,2025-01-15
CUST_01933,Khach Hang 1933,Ho Chi Minh,2025-11-24
CUST_01934,Khach Hang 1934,Ho Chi Minh,2024-04-26
CUST_01935,Khach Hang 1935,Hanoi,2025-05-03
CUST_01936,Khach Hang 1936,Da Nang,2025-03-07
CUST_01937,Khach Hang 1937,Hai Phong,2025-08-08
CUST_01938,Khach Hang 1938,Da Nang,2025-11-05
CUST_01939,Khach Hang 1939,Da Nang,2025-01-29
CUST_01940,Khach Hang 1940,Da Nang,2025-07-07
CUST_01941,Khach Hang 1941,Da Nang,2024-01-17
CUST_01942,Khach Hang 1942,Can Tho,2025-10-30
CUST_01943,Khach Hang 1943,Ho Chi Minh,2025-10-04
CUST_01944,Khach Hang 1944,Hai Phong,2025-01-30
CUST_01945,Khach Hang 1945,Ho Chi Minh,2024-10-29
CUST_01946,Khach Hang 1946,Hanoi,2025-01-13
CUST_01947,Khach Hang 1947,Da Nang,2024-12-31
CUST_01948,Khach Hang 1948,Can Tho,2024-11-10
CUST_01949,Khach Hang 1949,Da Nang,2024-11-05
CUST_01950,Khach Hang 1950,Hai Phong,2024-05-27
CUST_01951,Khach Hang 1951,Ho Chi Minh,2024-04-08
CUST_01952,Khach Hang 1952,Can Tho,2025-01-11
CUST_01953,Khach Hang 1953,Hanoi,2025-05-16
CUST_01954,Khach Hang 1954,Da Nang,2025-11-12
CUST_01955,Khach Hang 1955,Hai Phong,2025-07-06
CUST_01956,Khach Hang 1956,Can Tho,2024-08-15
CUST_01957,Khach Hang 1957,Da Nang,2025-04-19
CUST_01958,Khach Hang 1958,Ho Chi Minh,2025-09-27
CUST_01959,Khach Hang 1959,Hai Phong,2025-11-15
CUST_01960,Khach Hang 1960,Can Tho,2024-06-10
CUST_01961,Khach Hang 1961,Hanoi,2025-03-21
CUST_01962,Khach Hang 1962,Can Tho,2024-10-23
CUST_01963,Khach Hang 1963,Can Tho,2024-01-31
CUST_01964,Khach Hang 1964,Da Nang,2024-11-26
CUST_01965,Khach Hang 1965,Hanoi,2024-07-30
CUST_01966,Khach Hang 1966,Hai Phong,2024-05-28
CUST_01967,Khach Hang 1967,Hanoi,2025-10-06
CUST_01968,Khach Hang 1968,Da Nang,2025-04-06
CUST_01969,Khach Hang 1969,Ho Chi Minh,2024-07-21
CUST_01970,Khach Hang 1970,Ho Chi Minh,2025-10-25
CUST_01971,Khach Hang 1971,Hanoi,2025-09-08
CUST_01972,Khach Hang 1972,Hanoi,2025-03-14
CUST_01973,Khach Hang 1973,Hai Phong,2025-06-18
CUST_01974,Khach Hang 1974,Hanoi,2025-06-26
CUST_01975,Khach Hang 1975,Hai Phong,2025-01-06
CUST_01976,Khach Hang 1976,Can Tho,2025-09-23
CUST_01977,Khach Hang 1977,Hanoi,2024-07-28
CUST_01978,Khach Hang 1978,Hai Phong,2024-09-26
CUST_01979,Khach Hang 1979,Can Tho,2024-05-15
CUST_01980,Khach Hang 1980,Hai Phong,2025-06-22
CUST_01981,Khach Hang 1981,Hanoi,2025-07-23
CUST_01982,Khach Hang 1982,Hanoi,2024-08-06
CUST_01983,Khach Hang 1983,Da Nang,2025-10-12
CUST_01984,Khach Hang 1984,Ho Chi Minh,2025-08-08
CUST_01985,Khach Hang 1985,Ho Chi Minh,2024-02-08
CUST_01986,Khach Hang 1986,Hanoi,2024-08-14
CUST_01987,Khach Hang 1987,Da Nang,2025-09-09
CUST_01988,Khach Hang 1988,Da Nang,2025-04-12
CUST_01989,Khach Hang 1989,Hanoi,2025-09-20
CUST_01990,Khach Hang 1990,Hanoi,2025-09-13
CUST_01991,Khach Hang 1991,Hanoi,2025-04-24
CUST_01992,Khach Hang 1992,Hanoi,2025-11-24
CUST_01993,Khach Hang 1993,Hai Phong,2025-11-19
CUST_01994,Khach Hang 1994,Hai Phong,2025-06-14
CUST_01995,Khach Hang 1995,Hai Phong,2024-08-10
CUST_01996,Khach Hang 1996,Can Tho,2025-11-24
CUST_01997,Khach Hang 1997,Da Nang,2024-08-04
CUST_01998,Khach Hang 1998,Hai Phong,2024-03-23
CUST_01999,Khach Hang 1999,Can Tho,2025-01-16
CUST_02000,Khach Hang 2000,Hai Phong,2024-01-24
